Họ và tên,Số điện thoại,Email,Địa chỉ,Loại khách hàng,Mã số thuế,Ngày mua gần nhất,Hàng hóa đã mua,Hàng hóa mua gần nhất
Phan Nhã Thanh,,,"911 Lý Thường Kiệt, Cần Thơ",NBH01,",4757019890",,DIENTHOAI,dienthoai
Phùng Chuẩn Khoa,,,"426 Trần Hưng Đạo, Hà Nội",LKHA,",2029112543",,TUISACH,tuisach
Tăng Bá Trúc,,,"743 Nguyễn Du, Nha Trang",VIP,",8880833966",28/06/2024,DIENTHOAI,dienthoai
Đặng Mai Châu,,,"231 Lý Thường Kiệt, Hà Nội",NBH01,",5363591032",25/11/2025,XEMAY,xemay
Đinh Huân Võ,,,"486 Trần Hưng Đạo, Hà Nội",LKHA,",3805277531",02/01/2024,DIENTHOAI,dienthoai
Hồ Lan Chi,,,"33 Ngô Quyền, Cần Thơ",VIP,",9346127798",30/08/2025,TUISACH,tuisach
Hà Gia Vinh,,,"163 Ngô Quyền, Hà Nội",NBH01,",7307620604",19/11/2025,TUISACH,tuisach
Mai Thu Duyên,,,"427 Lê Hồng Phong, Nha Trang",LKHA,",6981814546",,DIENTHOAI,dienthoai
Hồ Thái San,,,"872 Ngô Quyền, Đà Nẵng",VIP,",7121520707",25/11/2025,DIENTHOAI,dienthoai
Đoàn Mộng Lan,,,"766 Lê Hồng Phong, Hà Nội",NBH01,",2794061030",,TUISACH,tuisach
Tô Vân Linh,,,"476 Đinh Tiên Hoàng, Nha Trang",LKHA,",2561933851",09/11/2025,LAPTOP,laptop
Trịnh Khả Khanh,",05726137742",,"88 Hai Bà Trưng, Hải Phòng",VIP,",8840142385",,TUISACH,tuisach
Trần Quốc Trường,,,"590 Nguyễn Du, Nha Trang",NBH01,",4114808572",,XEMAY,xemay
Tăng Đông Nghi,,,"622 Trần Hưng Đạo, Nha Trang",LKHA,",5875174211",,DIENTHOAI,dienthoai
Lê Quốc Ðại,,,"33 Lý Thường Kiệt, Hải Phòng",VIP,",0678297623",13/10/2024,TUISACH,tuisach
Vũ Minh Hiền,,,"317 Phố Huế, Hà Nội",NBH01,",0718249451",,DIENTHOAI,dienthoai
Đặng Đoan Thanh,,,"267 Trần Phú, Hồ Chí Minh",LKHA,",4130134848",,LAPTOP,laptop
Đỗ Dân Hiệp,",05726137742",,"780 Nguyễn Du, Cần Thơ",VIP,",3377385499",24/09/2024,DIENTHOAI,dienthoai
Đỗ Mai Linh,,,"54 Lý Thường Kiệt, Đà Nẵng",NBH01,",9409606619",06/11/2025,TUISACH,tuisach
Tăng Công Hào,,,"627 Hai Bà Trưng, Hải Phòng",LKHA,",6916032538",03/07/2024,XEMAY,xemay
Dương Thái Minh,,,"957 Phố Huế, Nha Trang",VIP,",9269662802",,BANPHIM,banphim
Đinh Ngọc Khôi,,,"599 Lê Hồng Phong, Cần Thơ",NBH01,",9849623271",,TUISACH,tuisach
Trịnh Thế Quyền,,,"167 Trần Phú, Hà Nội",LKHA,",9844920111",,DIENTHOAI,dienthoai
Trương Ðinh Lộc,,,"910 Trần Hưng Đạo, Nha Trang",VIP,",5952914985",,TUISACH,tuisach
Bùi Thụy Lâm,,,"108 Lê Hồng Phong, Nha Trang",NBH01,",9987737202",10/12/2023,LAPTOP,laptop
Tăng Diễm Lộc,,,"258 Đinh Tiên Hoàng, Hồ Chí Minh",LKHA,",2596486344",27/10/2025,DIENTHOAI,dienthoai
Dương Mộng Vi,,,"995 Phố Huế, Đà Nẵng",VIP,",4617235288",,LAPTOP,laptop
Dương Hà Thanh,,,"560 Hai Bà Trưng, Hà Nội",NBH01,",7525627393",17/01/2024,BANPHIM,banphim
Nguyễn Hồng Khuê,,,"346 Nguyễn Du, Hà Nội",LKHA,",3989553936",20/11/2025,BANPHIM,banphim
Phạm Ðức Long,,,"100 Ngô Quyền, Hồ Chí Minh",VIP,",4684821274",06/06/2024,DIENTHOAI,dienthoai
Lý Ngân Hà,,,"13 Nguyễn Trãi, Hà Nội",NBH01,",5540046081",30/10/2025,TUISACH,tuisach
Trương Minh Ðức,,,"471 Đinh Tiên Hoàng, Nha Trang",LKHA,",3068550990",18/09/2024,BANPHIM,banphim
Phùng Ngọc Trụ,,,"829 Đinh Tiên Hoàng, Nha Trang",VIP,",8574697068",25/07/2025,BANPHIM,banphim
Phan Thủy Tâm,,,"856 Trần Phú, Cần Thơ",NBH01,",3303047677",11/11/2025,DIENTHOAI,dienthoai
Đỗ Công Lộc,,,"852 Nguyễn Du, Hồ Chí Minh",LKHA,",1129545066",31/12/2023,LAPTOP,laptop
Hà Minh Hiền,,,"90 Phố Huế, Hải Phòng",VIP,",9929391720",18/01/2024,DIENTHOAI,dienthoai
Đào Tú Trinh,,,"637 Trần Hưng Đạo, Đà Nẵng",NBH01,",7532935060",,BANPHIM,banphim
Dương Mạnh Ðình,,,"809 Đinh Tiên Hoàng, Nha Trang",LKHA,",0383709812",28/09/2025,DIENTHOAI,dienthoai
Mai Hằng Nga,,,"613 Đinh Tiên Hoàng, Cần Thơ",VIP,",6541038268",30/10/2025,DIENTHOAI,dienthoai
Vương Xuân Tường,,,"864 Hai Bà Trưng, Cần Thơ",NBH01,",1690524523",18/11/2024,XEMAY,xemay
Nguyễn Hoàng Cúc,,,"676 Trần Phú, Hải Phòng",LKHA,",4579776919",04/03/2025,TUISACH,tuisach
Đoàn Hoàng Hà,,,"67 Nguyễn Du, Hải Phòng",VIP,",8958826183",13/08/2025,TUISACH,tuisach
Đào Lập Thành,,,"161 Phố Huế, Cần Thơ",NBH01,",0617315405",30/10/2025,LAPTOP,laptop
Mai Tuấn Minh,,,"258 Lê Hồng Phong, Hải Phòng",LKHA,",1152414697",15/11/2025,TUISACH,tuisach
Lâm An Nguyên,,,"961 Nguyễn Du, Cần Thơ",VIP,",0337779877",,LAPTOP,laptop
Đinh Bích Hằng,,,"781 Lê Hồng Phong, Hà Nội",NBH01,",8709937911",,LAPTOP,laptop
Lý Giang Nam,,,"557 Ngô Quyền, Hồ Chí Minh",LKHA,",7117762479",28/10/2025,BANPHIM,banphim
Đoàn Thiên Mỹ,,,"832 Trần Hưng Đạo, Cần Thơ",VIP,",8955861823",31/10/2025,LAPTOP,laptop
Vũ Minh Thông,,,"947 Hai Bà Trưng, Hồ Chí Minh",NBH01,",2431005144",16/11/2025,TUISACH,tuisach
Đào Vân Quyên,,,"748 Lê Hồng Phong, Đà Nẵng",LKHA,",7144244966",05/08/2025,LAPTOP,laptop
Nguyễn Thu Duyên,,,"512 Nguyễn Trãi, Hải Phòng",VIP,",2314511758",22/07/2024,DIENTHOAI,dienthoai
Đỗ Hương Thủy,,,"202 Trần Hưng Đạo, Cần Thơ",NBH01,",0326192949",07/01/2025,DIENTHOAI,dienthoai
Lê Việt Mi,,,"9 Phố Huế, Cần Thơ",LKHA,",5887825073",20/11/2025,TUISACH,tuisach
Vũ Thanh Thiên,,,"678 Lê Hồng Phong, Hồ Chí Minh",VIP,",2592731053",21/11/2025,DIENTHOAI,dienthoai
Đoàn Phú Ân,,,"667 Hai Bà Trưng, Hà Nội",NBH01,",9692052844",,LAPTOP,laptop
Ngô Mộng Hương,,,"348 Nguyễn Trãi, Cần Thơ",LKHA,",6401058003",03/11/2025,LAPTOP,laptop
Phùng Phước Thiện,,,"964 Nguyễn Du, Cần Thơ",VIP,",8699856870",25/10/2024,DIENTHOAI,dienthoai
Đặng Thiên Phương,,,"65 Phố Huế, Cần Thơ",NBH01,",9240292439",10/03/2024,LAPTOP,laptop
Vương Lê Quỳnh,,,"925 Lý Thường Kiệt, Cần Thơ",LKHA,",2923766406",01/02/2025,TUISACH,tuisach
Hoàng Hoài Trang,,,"998 Ngô Quyền, Cần Thơ",VIP,",4941819768",,LAPTOP,laptop
Đoàn Thiên Ðức,,,"643 Lý Thường Kiệt, Đà Nẵng",NBH01,",3170532912",08/11/2024,DIENTHOAI,dienthoai
Trịnh Ngọc Ðàn,,,"693 Lý Thường Kiệt, Hà Nội",LKHA,",6029243448",,LAPTOP,laptop
Đào Diễm My,,,"747 Lê Hồng Phong, Nha Trang",VIP,",0013257112",07/11/2025,DIENTHOAI,dienthoai
Lý Ngọc Thọ,,,"326 Lê Hồng Phong, Nha Trang",NBH01,",1145866314",,TUISACH,tuisach
Dương Ngọc Hoan,,,"851 Đinh Tiên Hoàng, Cần Thơ",LKHA,",9000220712",31/10/2025,XEMAY,xemay
Trịnh Minh Huy,,,"274 Nguyễn Du, Đà Nẵng",VIP,",4560928484",07/11/2025,BANPHIM,banphim
Đoàn Quang Thuận,,,"848 Đinh Tiên Hoàng, Hải Phòng",NBH01,",7987189626",19/11/2025,BANPHIM,banphim
Vũ Hương Mai,,,"581 Phố Huế, Đà Nẵng",LKHA,",3653144986",30/10/2025,XEMAY,xemay
Đinh Ðắc Thành,,,"506 Nguyễn Du, Hải Phòng",VIP,",9591877227",11/11/2025,BANPHIM,banphim
Phạm Công Tuấn,,,"980 Lê Hồng Phong, Hồ Chí Minh",NBH01,",6449613459",29/10/2025,DIENTHOAI,dienthoai
Tăng Bảo Thúy,,,"335 Trần Phú, Hà Nội",LKHA,",7089562695",06/11/2025,BANPHIM,banphim
Đào Huệ Hương,,,"128 Đinh Tiên Hoàng, Hồ Chí Minh",VIP,",9362362779",26/09/2024,LAPTOP,laptop
Dương Hòa Thái,,,"936 Đinh Tiên Hoàng, Cần Thơ",NBH01,",1799038863",05/10/2025,LAPTOP,laptop
Lê Công Luật,,,"739 Trần Phú, Cần Thơ",LKHA,",1073491326",09/11/2025,XEMAY,xemay
Trịnh Liên Kiệt,,,"44 Trần Hưng Đạo, Nha Trang",VIP,",1881362901",08/05/2024,BANPHIM,banphim
Ngô Khánh Giao,,,"299 Ngô Quyền, Hải Phòng",NBH01,",5652180273",11/02/2025,TUISACH,tuisach
Vương Oanh Thơ,,,"959 Nguyễn Trãi, Hồ Chí Minh",LKHA,",1625403357",19/09/2024,BANPHIM,banphim
Phùng Lương Quyền,,,"459 Trần Hưng Đạo, Hồ Chí Minh",VIP,",2131010717",25/11/2025,DIENTHOAI,dienthoai
Vũ Chiêu Dương,,,"784 Đinh Tiên Hoàng, Cần Thơ",NBH01,",9166473899",,XEMAY,xemay
Lê Hoài Tín,,,"547 Nguyễn Trãi, Hà Nội",LKHA,",2684825639",30/11/2023,DIENTHOAI,dienthoai
Phùng Hoàng Ân,,,"434 Lý Thường Kiệt, Đà Nẵng",VIP,",0232766468",,TUISACH,tuisach
Tăng Hải Sơn,,,"898 Lê Hồng Phong, Nha Trang",NBH01,",1960354527",16/11/2025,XEMAY,xemay
Dương Thanh Hà,,,"721 Lê Hồng Phong, Nha Trang",LKHA,",9428057150",08/02/2024,XEMAY,xemay
Trương Thế Bình,,,"966 Ngô Quyền, Hải Phòng",VIP,",3788967435",28/01/2025,LAPTOP,laptop
Dương Viễn Ðông,,,"842 Ngô Quyền, Hải Phòng",NBH01,",6814856935",,LAPTOP,laptop
Lý Xuân Sơn,,,"993 Nguyễn Du, Hà Nội",LKHA,",4009907704",16/05/2025,LAPTOP,laptop
Tô Khiết Tâm,,,"915 Trần Phú, Đà Nẵng",VIP,",1534077780",,LAPTOP,laptop
Đinh Ðình Chương,,,"612 Trần Hưng Đạo, Hồ Chí Minh",NBH01,",1880763084",31/08/2024,LAPTOP,laptop
Bùi Kim Thảo,,,"497 Trần Phú, Hải Phòng",LKHA,",5681087742",01/11/2025,TUISACH,tuisach
Lý Thế Phương,,,"227 Trần Phú, Hải Phòng",VIP,",8681668303",15/11/2025,TUISACH,tuisach
Dương Ðài Trang,,,"677 Nguyễn Trãi, Hà Nội",NBH01,",7438277291",19/11/2025,TUISACH,tuisach
Tô Công Luận,,,"585 Hai Bà Trưng, Đà Nẵng",LKHA,",3848155299",,LAPTOP,laptop
Vương Cẩm Liên,,,"79 Lý Thường Kiệt, Hà Nội",VIP,",0571641155",,TUISACH,tuisach
Lâm Hoàng Kim,,,"164 Lê Hồng Phong, Hải Phòng",NBH01,",5342937877",22/11/2025,LAPTOP,laptop
Lê Thục Ðoan,,,"626 Ngô Quyền, Cần Thơ",LKHA,",3526667813",18/12/2024,TUISACH,tuisach
Tăng Quỳnh Hà,,,"786 Trần Hưng Đạo, Hồ Chí Minh",VIP,",2321256527",03/09/2025,DIENTHOAI,dienthoai
Trịnh Hồng Thu,",05726137742",,"842 Nguyễn Trãi, Cần Thơ",NBH01,",5109058733",09/11/2024,BANPHIM,banphim
Hà Mai Khanh,,,"383 Nguyễn Du, Đà Nẵng",LKHA,",1633402501",28/10/2025,BANPHIM,banphim
Trịnh Ðức Huy,,,"554 Nguyễn Trãi, Hà Nội",VIP,",3898875886",07/09/2025,XEMAY,xemay
Ngô Thảo Quyên,,,"67 Lê Hồng Phong, Nha Trang",NBH01,",3749042576",20/11/2024,LAPTOP,laptop
Đỗ Vân Quỳnh,,,"182 Lý Thường Kiệt, Hải Phòng",LKHA,",1070625682",05/11/2025,BANPHIM,banphim
Bùi Kiều Trinh,,,"203 Đinh Tiên Hoàng, Cần Thơ",VIP,",2458381904",,DIENTHOAI,dienthoai
Đoàn Hương Thảo,,,"744 Lê Hồng Phong, Hải Phòng",NBH01,",7852836381",31/08/2025,TUISACH,tuisach
Nguyễn Duy Nhượng,,,"821 Hai Bà Trưng, Hà Nội",LKHA,",0708604623",05/08/2024,DIENTHOAI,dienthoai
Trương Diễm Phước,,,"978 Nguyễn Trãi, Hải Phòng",VIP,",0821622948",,DIENTHOAI,dienthoai
Trương Giáng Uyên,,,"555 Hai Bà Trưng, Hồ Chí Minh",NBH01,",9403638847",,DIENTHOAI,dienthoai
Hà Lệ Huyền,,,"351 Đinh Tiên Hoàng, Nha Trang",LKHA,",1401290465",17/02/2025,XEMAY,xemay
Trương Ðan Quế,,,"125 Nguyễn Trãi, Đà Nẵng",VIP,",1971404847",04/02/2025,DIENTHOAI,dienthoai
Lê Uyên Thy,,,"92 Nguyễn Trãi, Hà Nội",NBH01,",6470340526",02/09/2025,DIENTHOAI,dienthoai
Tăng Hồng Khôi,,,"908 Hai Bà Trưng, Hồ Chí Minh",LKHA,",2539633447",08/10/2025,BANPHIM,banphim
Lê Xuân Hãn,,,"433 Trần Hưng Đạo, Cần Thơ",VIP,",2047583995",14/11/2025,DIENTHOAI,dienthoai
Đinh Quang Linh,,,"772 Nguyễn Trãi, Cần Thơ",NBH01,",6205173000",14/11/2025,BANPHIM,banphim
Hồ Vũ Anh,,,"93 Trần Phú, Hà Nội",LKHA,",6453705785",,LAPTOP,laptop
Phạm Hữu Ðịnh,",05726137742",,"221 Lê Hồng Phong, Hải Phòng",VIP,",3784978909",25/06/2024,BANPHIM,banphim
Phan Mộng Vy,,,"650 Đinh Tiên Hoàng, Nha Trang",NBH01,",0984148223",23/06/2024,DIENTHOAI,dienthoai
Trịnh Công Thành,,,"458 Lý Thường Kiệt, Nha Trang",LKHA,",2450706571",,XEMAY,xemay
Vương Ngọc Khang,,,"267 Hai Bà Trưng, Nha Trang",VIP,",2694431302",24/11/2025,BANPHIM,banphim
Bùi Ngọc Thiện,,,"152 Lê Hồng Phong, Hà Nội",NBH01,",3794991229",,DIENTHOAI,dienthoai
Lê Hạnh My,,,"389 Nguyễn Trãi, Đà Nẵng",LKHA,",7844548826",20/11/2025,DIENTHOAI,dienthoai
Lâm Thúy Hà,,,"378 Trần Hưng Đạo, Đà Nẵng",VIP,",6812643605",14/07/2024,XEMAY,xemay
Trần Diễm Thảo,,,"328 Phố Huế, Hà Nội",NBH01,",3298300162",01/11/2025,LAPTOP,laptop
Mai Trúc Vy,,,"541 Hai Bà Trưng, Cần Thơ",LKHA,",4119605412",11/11/2024,TUISACH,tuisach
Đoàn Quốc Quý,,,"500 Lê Hồng Phong, Cần Thơ",VIP,",6490682681",21/12/2024,XEMAY,xemay
Trịnh Thạch Tùng,,,"445 Lê Hồng Phong, Cần Thơ",NBH01,",7779814347",14/03/2025,XEMAY,xemay
Đỗ Kiều Loan,,,"408 Lý Thường Kiệt, Hải Phòng",LKHA,",9673864053",23/11/2025,TUISACH,tuisach
Nguyễn Duyên Nương,,,"434 Phố Huế, Hồ Chí Minh",VIP,",3992163822",,XEMAY,xemay
Tăng Minh Khai,",05726137742",,"74 Lê Hồng Phong, Hà Nội",NBH01,",8108348077",,TUISACH,tuisach
Hồ Lương Tài,",05726137742",,"635 Nguyễn Du, Hà Nội",LKHA,",5428729178",,DIENTHOAI,dienthoai
Đỗ Minh Nhân,,,"207 Lê Hồng Phong, Đà Nẵng",VIP,",7626314032",05/02/2024,XEMAY,xemay
Đinh Minh Trí,,,"442 Ngô Quyền, Hà Nội",NBH01,",8635985381",16/06/2024,XEMAY,xemay
Lý Chiêu Dương,,,"379 Trần Hưng Đạo, Nha Trang",LKHA,",1676021699",01/11/2025,XEMAY,xemay
Nguyễn Gia Khiêm,,,"58 Phố Huế, Hải Phòng",VIP,",8955060720",02/01/2024,LAPTOP,laptop
Lâm Tuấn Tài,,,"871 Nguyễn Du, Nha Trang",NBH01,",7013742194",31/10/2025,BANPHIM,banphim
Hoàng Nguyệt Nga,,,"638 Trần Phú, Hà Nội",LKHA,",0950803769",,XEMAY,xemay
Tăng Quang Nhật,,,"15 Trần Hưng Đạo, Nha Trang",VIP,",4153796961",,TUISACH,tuisach
Phan Hoàn Vũ,,,"130 Phố Huế, Đà Nẵng",NBH01,",2063152346",19/11/2025,BANPHIM,banphim
Trần Thảo Quyên,,,"637 Nguyễn Du, Hồ Chí Minh",LKHA,",2752804319",,DIENTHOAI,dienthoai
Vũ Mai Nhi,,,"935 Nguyễn Du, Nha Trang",VIP,",1080892794",22/07/2025,XEMAY,xemay
Lê Tú Quyên,",05726137742",,"134 Lê Hồng Phong, Hồ Chí Minh",NBH01,",4798761056",23/05/2024,BANPHIM,banphim
Đoàn Công Lộc,,,"824 Phố Huế, Cần Thơ",LKHA,",3797200200",17/11/2025,BANPHIM,banphim
Lê Trúc Ly,",05726137742",,"544 Nguyễn Trãi, Cần Thơ",VIP,",9344260314",26/08/2024,TUISACH,tuisach
Trịnh Oanh Vũ,,,"804 Lê Hồng Phong, Hải Phòng",NBH01,",1331047805",21/09/2025,LAPTOP,laptop
Mai Mỹ Thuận,,,"955 Lý Thường Kiệt, Nha Trang",LKHA,",0903177595",,XEMAY,xemay
Lý Kim Phượng,,,"5 Nguyễn Trãi, Cần Thơ",VIP,",8378273134",07/02/2025,TUISACH,tuisach
Lê Thục Ðoan,,,"281 Hai Bà Trưng, Hải Phòng",NBH01,",4607388715",30/10/2025,LAPTOP,laptop
Lý Trúc Lâm,,,"234 Phố Huế, Cần Thơ",LKHA,",8491495100",11/02/2025,DIENTHOAI,dienthoai
Mai Tâm Trang,,,"53 Hai Bà Trưng, Hồ Chí Minh",VIP,",6139938312",11/02/2024,BANPHIM,banphim
Hồ Phượng Vũ,,,"122 Trần Hưng Đạo, Hà Nội",NBH01,",4949481790",11/12/2024,BANPHIM,banphim
Lý Hoàng Duệ,,,"423 Lê Hồng Phong, Nha Trang",LKHA,",0401295186",22/11/2025,BANPHIM,banphim
Lê Thư Lâm,,,"987 Trần Phú, Cần Thơ",VIP,",5036828306",,DIENTHOAI,dienthoai
Dương Hằng Nga,,,"583 Ngô Quyền, Nha Trang",NBH01,",1856389921",,XEMAY,xemay
Phạm Tiểu Quỳnh,,,"908 Nguyễn Trãi, Cần Thơ",LKHA,",2295272592",,XEMAY,xemay
Đào Nguyên Bổng,,,"552 Nguyễn Trãi, Hà Nội",VIP,",8404262302",,BANPHIM,banphim
Trịnh Bích Ðào,,,"983 Hai Bà Trưng, Đà Nẵng",NBH01,",5002224336",28/11/2024,LAPTOP,laptop
Tô Hoàng Long,,,"972 Lý Thường Kiệt, Hải Phòng",LKHA,",8677946713",03/11/2025,XEMAY,xemay
Hoàng Trúc Lam,,,"456 Đinh Tiên Hoàng, Nha Trang",VIP,",3919103457",05/04/2024,BANPHIM,banphim
Trương Mộng Lâm,,,"228 Ngô Quyền, Hải Phòng",NBH01,",1286635974",01/10/2025,LAPTOP,laptop
Lâm Hoài Thanh,,,"960 Lê Hồng Phong, Hải Phòng",LKHA,",8292527101",,DIENTHOAI,dienthoai
Trương Phương Trà,,,"575 Nguyễn Du, Đà Nẵng",VIP,",8782290174",05/12/2023,TUISACH,tuisach
Đoàn Hồng Minh,,,"274 Ngô Quyền, Đà Nẵng",NBH01,",7047847736",11/09/2024,TUISACH,tuisach
Trần Thành Công,,,"208 Nguyễn Du, Đà Nẵng",LKHA,",3731607910",,TUISACH,tuisach
Nguyễn Tuấn Tài,,,"995 Nguyễn Trãi, Hà Nội",VIP,",7756452186",13/11/2025,BANPHIM,banphim
Trương Trung Dũng,,,"971 Đinh Tiên Hoàng, Đà Nẵng",NBH01,",0259032926",23/01/2025,XEMAY,xemay
Mai Ngọc Oanh,,,"536 Trần Phú, Hải Phòng",LKHA,",5223339782",13/03/2024,XEMAY,xemay
Vũ Hàm Duyên,,,"364 Nguyễn Du, Hải Phòng",VIP,",5821681804",26/04/2024,DIENTHOAI,dienthoai
Lâm Thông Ðạt,,,"147 Trần Hưng Đạo, Cần Thơ",NBH01,",2967305530",17/10/2024,BANPHIM,banphim
Hồ Thế Dân,,,"843 Phố Huế, Hồ Chí Minh",LKHA,",3445858076",05/10/2024,BANPHIM,banphim
Tăng Quỳnh Nhi,,,"165 Phố Huế, Cần Thơ",VIP,",5979102656",,DIENTHOAI,dienthoai
Phan Tùng Lâm,,,"493 Đinh Tiên Hoàng, Cần Thơ",NBH01,",6913342028",,LAPTOP,laptop
Đoàn Minh Tâm,",05726137742",,"668 Lê Hồng Phong, Cần Thơ",LKHA,",9877133052",27/10/2025,TUISACH,tuisach
Nguyễn Linh Lan,,,"213 Ngô Quyền, Cần Thơ",VIP,",1967440740",,XEMAY,xemay
Phạm Mai Hiền,,,"717 Nguyễn Trãi, Hải Phòng",NBH01,",8788177351",12/05/2024,XEMAY,xemay
Phan Thiện Ðức,",05726137742",,"721 Trần Phú, Đà Nẵng",LKHA,",3659409287",18/11/2025,LAPTOP,laptop
Ngô Nam Ninh,",05726137742",,"242 Lê Hồng Phong, Đà Nẵng",VIP,",4525319609",04/01/2025,LAPTOP,laptop
Đặng Hữu Long,,,"546 Lê Hồng Phong, Đà Nẵng",NBH01,",9956559182",,XEMAY,xemay
Phan Sơn Hà,,,"895 Lê Hồng Phong, Đà Nẵng",LKHA,",6457688875",03/09/2024,DIENTHOAI,dienthoai
Hoàng Khả Khanh,,,"82 Trần Hưng Đạo, Đà Nẵng",VIP,",2826261880",23/11/2025,BANPHIM,banphim
Trịnh Nguyệt Uyển,,,"618 Nguyễn Trãi, Đà Nẵng",NBH01,",2914917042",19/11/2025,TUISACH,tuisach
Phùng Minh Hiên,,,"512 Nguyễn Du, Đà Nẵng",LKHA,",2009922328",,DIENTHOAI,dienthoai
Trương Phú Thời,,,"161 Trần Phú, Cần Thơ",VIP,",8765366331",18/11/2025,XEMAY,xemay
Phan Thiên Thư,,,"948 Hai Bà Trưng, Đà Nẵng",NBH01,",3169668324",17/04/2025,XEMAY,xemay
Ngô Thái Duy,,,"921 Trần Hưng Đạo, Cần Thơ",LKHA,",8467053806",15/11/2025,DIENTHOAI,dienthoai
Phạm Ðình Trung,,,"695 Đinh Tiên Hoàng, Hồ Chí Minh",VIP,",8425205959",09/01/2024,BANPHIM,banphim
Nguyễn Kiều Mỹ,,,"886 Lê Hồng Phong, Đà Nẵng",NBH01,",0720896356",,LAPTOP,laptop
Vũ Hải Lý,,,"216 Nguyễn Trãi, Cần Thơ",LKHA,",1301369862",,DIENTHOAI,dienthoai
Tăng Gia Lập,,,"964 Trần Hưng Đạo, Hồ Chí Minh",VIP,",3995047725",09/11/2025,DIENTHOAI,dienthoai
Phùng Băng Tâm,,,"937 Nguyễn Du, Hồ Chí Minh",NBH01,",1094681078",,BANPHIM,banphim
Lâm Ngọc Uyên,,,"583 Lê Hồng Phong, Hồ Chí Minh",LKHA,",7554752737",31/08/2025,XEMAY,xemay
Đoàn Ðức Tuấn,,,"377 Lê Hồng Phong, Hồ Chí Minh",VIP,",7086219703",27/09/2025,DIENTHOAI,dienthoai
Mai Thu Oanh,,,"530 Lý Thường Kiệt, Hồ Chí Minh",NBH01,",1890760967",14/01/2025,LAPTOP,laptop
Đinh Ái Linh,,,"926 Hai Bà Trưng, Nha Trang",LKHA,",9710670824",26/09/2025,DIENTHOAI,dienthoai
Trương Tịnh Yên,,,"318 Nguyễn Trãi, Hồ Chí Minh",VIP,",9676893066",12/09/2025,TUISACH,tuisach
Lý Như Hảo,,,"668 Lý Thường Kiệt, Hà Nội",NBH01,",1431204266",25/02/2024,LAPTOP,laptop
Vũ Hoài Trang,,,"254 Lê Hồng Phong, Đà Nẵng",LKHA,",8783194887",24/11/2025,TUISACH,tuisach
Bùi Huy Thành,,,"431 Lê Hồng Phong, Đà Nẵng",VIP,",4630990741",09/11/2025,BANPHIM,banphim
Ngô Vi Quyên,,,"741 Nguyễn Trãi, Cần Thơ",NBH01,",2373192915",28/10/2025,DIENTHOAI,dienthoai
Ngô Thanh Mẫn,,,"819 Phố Huế, Đà Nẵng",LKHA,",5305943939",17/11/2025,BANPHIM,banphim
Hoàng Duy Tiếp,,,"434 Lý Thường Kiệt, Cần Thơ",VIP,",5809470203",18/11/2025,DIENTHOAI,dienthoai
Lý Nam Tú,,,"330 Ngô Quyền, Hải Phòng",NBH01,",1252594012",,TUISACH,tuisach
Nguyễn Vân Ngọc,,,"998 Ngô Quyền, Hồ Chí Minh",LKHA,",9524899733",05/06/2025,LAPTOP,laptop
Hồ Trường Giang,,,"478 Trần Hưng Đạo, Cần Thơ",VIP,",3648813629",18/11/2025,LAPTOP,laptop
Phạm Xuân Trường,,,"422 Nguyễn Trãi, Nha Trang",NBH01,",7879719764",20/01/2025,DIENTHOAI,dienthoai
Hoàng Như Hảo,,,"179 Nguyễn Du, Hải Phòng",LKHA,",5972455607",19/11/2025,TUISACH,tuisach
Phan Ðình Luận,,,"705 Phố Huế, Cần Thơ",VIP,",5542950310",08/08/2025,DIENTHOAI,dienthoai
Vũ Thanh Mai,",05726137742",,"616 Đinh Tiên Hoàng, Hà Nội",NBH01,",4284430095",24/11/2025,DIENTHOAI,dienthoai
Đặng Ðình Chiểu,,,"752 Nguyễn Trãi, Hà Nội",LKHA,",4291860060",30/04/2024,BANPHIM,banphim
Nguyễn Triệu Mẫn,,,"121 Trần Hưng Đạo, Hà Nội",VIP,",4199156269",08/11/2025,BANPHIM,banphim
Trương Bình Minh,,,"956 Lê Hồng Phong, Hồ Chí Minh",NBH01,",9291135572",,BANPHIM,banphim
Mai Mỹ Tâm,,,"872 Lê Hồng Phong, Cần Thơ",LKHA,",4625072422",20/11/2025,TUISACH,tuisach
Dương Thục Vân,,,"292 Nguyễn Trãi, Cần Thơ",VIP,",4127314305",,BANPHIM,banphim
Đặng Sơn Ca,,,"727 Trần Hưng Đạo, Đà Nẵng",NBH01,",4303472170",15/11/2025,BANPHIM,banphim
Hồ Minh Thúy,,,"278 Lê Hồng Phong, Cần Thơ",LKHA,",8767166912",19/07/2025,BANPHIM,banphim
Tăng Hữu Khanh,,,"57 Ngô Quyền, Cần Thơ",VIP,",5967510654",06/11/2025,XEMAY,xemay
Đặng Minh Dũng,,,"421 Trần Phú, Đà Nẵng",NBH01,",8387015752",13/11/2025,DIENTHOAI,dienthoai
Hoàng Kiều Giang,,,"673 Phố Huế, Hải Phòng",LKHA,",2345270514",28/09/2024,DIENTHOAI,dienthoai
Nguyễn Thành Doanh,,,"597 Nguyễn Trãi, Cần Thơ",VIP,",5060870245",,BANPHIM,banphim
Đinh Thảo My,,,"849 Nguyễn Du, Hà Nội",NBH01,",2748235097",07/10/2024,TUISACH,tuisach
Dương Cao Minh,,,"135 Lý Thường Kiệt, Hà Nội",LKHA,",0153943797",17/05/2024,LAPTOP,laptop
Bùi Hải Uyên,,,"63 Hai Bà Trưng, Cần Thơ",VIP,",9677697646",24/11/2025,LAPTOP,laptop
Hà Vương Gia,,,"219 Phố Huế, Hải Phòng",NBH01,",9782285260",25/05/2024,BANPHIM,banphim
Hoàng Xuân Tâm,,,"739 Ngô Quyền, Hà Nội",LKHA,",9320986447",,DIENTHOAI,dienthoai
Vũ Tịnh Yên,,,"473 Phố Huế, Nha Trang",VIP,",1192334425",,TUISACH,tuisach
Đoàn Đan Thư,,,"774 Lê Hồng Phong, Hải Phòng",NBH01,",7354832487",30/10/2025,XEMAY,xemay
Dương Vy Lam,,,"800 Đinh Tiên Hoàng, Hồ Chí Minh",LKHA,",8536071609",14/02/2024,XEMAY,xemay
Dương Tường Chinh,,,"864 Trần Phú, Đà Nẵng",VIP,",5194111537",29/10/2025,BANPHIM,banphim
Lê Xuân Cung,,,"423 Hai Bà Trưng, Hà Nội",NBH01,",9655493745",,BANPHIM,banphim
Dương Hương Thảo,,,"863 Phố Huế, Hà Nội",LKHA,",6312974475",01/05/2024,XEMAY,xemay
Trần Phương Thủy,,,"610 Trần Hưng Đạo, Cần Thơ",VIP,",1860663088",,LAPTOP,laptop
Tăng Hoàng Việt,,,"451 Lê Hồng Phong, Hà Nội",NBH01,",1138674274",30/10/2025,DIENTHOAI,dienthoai
Lê Thục Khuê,,,"568 Trần Phú, Nha Trang",LKHA,",9708763973",11/01/2025,LAPTOP,laptop
Tô Huy Trân,",05726137742",,"750 Đinh Tiên Hoàng, Cần Thơ",VIP,",6798675222",23/10/2024,BANPHIM,banphim
Trần Vinh Quốc,,,"951 Phố Huế, Hà Nội",NBH01,",4729550855",30/10/2025,TUISACH,tuisach
Đào Thanh Giang,,,"527 Lý Thường Kiệt, Hồ Chí Minh",LKHA,",6094745559",11/11/2025,TUISACH,tuisach
Đào Thảo Nguyên,,,"588 Lý Thường Kiệt, Cần Thơ",VIP,",6675544467",06/11/2025,DIENTHOAI,dienthoai
Bùi Bích Châu,,,"991 Đinh Tiên Hoàng, Hồ Chí Minh",NBH01,",5205687054",03/11/2025,BANPHIM,banphim
Vương Anh Hoàng,,,"429 Trần Phú, Nha Trang",LKHA,",0949544317",25/11/2024,DIENTHOAI,dienthoai
Hoàng Hương Mai,,,"157 Nguyễn Du, Cần Thơ",VIP,",7714293981",29/10/2025,BANPHIM,banphim
Đào Chiêu Minh,,,"566 Lý Thường Kiệt, Đà Nẵng",NBH01,",4905316235",,DIENTHOAI,dienthoai
Trần Kim Đan,,,"416 Ngô Quyền, Đà Nẵng",LKHA,",2449833540",,LAPTOP,laptop
Hoàng Thanh Tuyền,,,"765 Lê Hồng Phong, Đà Nẵng",VIP,",2396584520",17/01/2024,TUISACH,tuisach
Vũ Thành Sang,,,"167 Trần Hưng Đạo, Nha Trang",NBH01,",9828925915",08/03/2024,DIENTHOAI,dienthoai
Nguyễn Phụng Yến,,,"900 Hai Bà Trưng, Nha Trang",LKHA,",1920483727",25/11/2025,BANPHIM,banphim
Bùi Hữu Long,,,"570 Trần Phú, Cần Thơ",VIP,",3708526432",07/04/2024,DIENTHOAI,dienthoai
Đinh Nam Dương,",05726137742",,"595 Nguyễn Du, Hồ Chí Minh",NBH01,",3261420612",24/11/2025,TUISACH,tuisach
Dương Gia Huy,,,"760 Trần Phú, Đà Nẵng",LKHA,",8081041773",,TUISACH,tuisach
Đào Gia Bình,,,"58 Trần Phú, Hải Phòng",VIP,",8697029887",08/11/2025,XEMAY,xemay
Hà Trọng Nghĩa,,,"166 Ngô Quyền, Đà Nẵng",NBH01,",2329586485",21/02/2024,XEMAY,xemay
Vũ Viễn Cảnh,,,"553 Trần Hưng Đạo, Hồ Chí Minh",LKHA,",8531501066",,XEMAY,xemay
Nguyễn Quảng Ðại,,,"383 Đinh Tiên Hoàng, Cần Thơ",VIP,",4698376495",31/08/2024,TUISACH,tuisach
Đinh Hương Giang,,,"980 Ngô Quyền, Hải Phòng",NBH01,",9187451751",07/03/2025,TUISACH,tuisach
Phạm Ðức Thành,,,"571 Nguyễn Trãi, Hà Nội",LKHA,",0712193896",09/08/2024,DIENTHOAI,dienthoai
Mai Trung Chuyên,,,"26 Hai Bà Trưng, Hà Nội",VIP,",1040348713",16/05/2025,LAPTOP,laptop
Vũ Ái Hồng,,,"97 Nguyễn Du, Hồ Chí Minh",NBH01,",0174991024",07/09/2024,LAPTOP,laptop
Lâm Diễm Trinh,",05726137742",,"62 Nguyễn Du, Hà Nội",LKHA,",4299851111",23/01/2024,TUISACH,tuisach
Trương Hồng Hạnh,,,"25 Phố Huế, Đà Nẵng",VIP,",6484269156",,TUISACH,tuisach
Lâm Việt Yến,,,"10 Lý Thường Kiệt, Đà Nẵng",NBH01,",2987130833",19/11/2025,TUISACH,tuisach
Trịnh Gia Uy,,,"890 Phố Huế, Nha Trang",LKHA,",7777442221",,DIENTHOAI,dienthoai
Tăng Minh Tuấn,,,"267 Trần Hưng Đạo, Cần Thơ",VIP,",5095970906",22/11/2025,XEMAY,xemay
Lê Lệ Chi,,,"210 Lý Thường Kiệt, Hà Nội",NBH01,",4990895817",28/09/2025,DIENTHOAI,dienthoai
Lâm Kiên Cường,,,"836 Đinh Tiên Hoàng, Hà Nội",LKHA,",5831772385",30/10/2025,BANPHIM,banphim
Lê Hồng Nhật,",05726137742",,"162 Trần Phú, Đà Nẵng",VIP,",2401656591",23/06/2024,TUISACH,tuisach
Trương Thiên Duyên,,,"720 Trần Hưng Đạo, Hà Nội",NBH01,",2918473297",09/11/2025,BANPHIM,banphim
Mai Hải Long,",05726137742",,"180 Đinh Tiên Hoàng, Đà Nẵng",LKHA,",0799819087",31/12/2023,DIENTHOAI,dienthoai
Trần Hồ Diệp,,,"644 Hai Bà Trưng, Hải Phòng",VIP,",2394291240",06/11/2025,XEMAY,xemay
Đào Hữu Thọ,,,"304 Trần Hưng Đạo, Đà Nẵng",NBH01,",4533763472",,BANPHIM,banphim
Tăng Anh Ðức,,,"851 Trần Hưng Đạo, Cần Thơ",LKHA,",6009120900",13/11/2025,LAPTOP,laptop
Hồ Nhật Bảo Long,,,"42 Trần Hưng Đạo, Đà Nẵng",VIP,",5890969191",22/11/2025,TUISACH,tuisach
Vũ Quang Nhật,,,"677 Nguyễn Trãi, Đà Nẵng",NBH01,",8851102682",,XEMAY,xemay
Đào Thái Lan,,,"472 Nguyễn Du, Hải Phòng",LKHA,",4768570637",18/11/2025,DIENTHOAI,dienthoai
Lê Thiếu Anh,,,"337 Đinh Tiên Hoàng, Cần Thơ",VIP,",9802148422",,XEMAY,xemay
Trịnh Minh Hiên,,,"817 Trần Phú, Hồ Chí Minh",NBH01,",5425782687",04/03/2025,BANPHIM,banphim
Bùi Quốc Bảo,,,"604 Nguyễn Trãi, Đà Nẵng",LKHA,",2065222615",13/11/2025,LAPTOP,laptop
Bùi Mỹ Duyên,,,"956 Đinh Tiên Hoàng, Hồ Chí Minh",VIP,",9288990297",22/01/2025,XEMAY,xemay
Đoàn Thanh Giang,,,"828 Lý Thường Kiệt, Hà Nội",NBH01,",7728359587",03/09/2025,TUISACH,tuisach
Trần Kiên Giang,,,"895 Lý Thường Kiệt, Hồ Chí Minh",LKHA,",6189386584",20/11/2025,BANPHIM,banphim
Bùi Dạ Yến,",05726137742",,"545 Hai Bà Trưng, Hồ Chí Minh",VIP,",8482778878",06/11/2025,BANPHIM,banphim
Bùi Ðức Tuệ,,,"802 Lê Hồng Phong, Hà Nội",NBH01,",2062327766",,XEMAY,xemay
Đoàn Thiên Tuyền,,,"226 Hai Bà Trưng, Cần Thơ",LKHA,",3508116516",20/03/2025,XEMAY,xemay
Đào Hồng Oanh,,,"564 Phố Huế, Nha Trang",VIP,",1481442828",30/03/2024,DIENTHOAI,dienthoai
Ngô Nguyễn Hải An,,,"57 Phố Huế, Hồ Chí Minh",NBH01,",7444747834",14/07/2024,BANPHIM,banphim
Nguyễn Tuyết Mai,,,"476 Ngô Quyền, Nha Trang",LKHA,",2056850632",18/07/2025,XEMAY,xemay
Tô Thúy Ngân,,,"666 Trần Phú, Nha Trang",VIP,",1806150846",,TUISACH,tuisach
Vũ Trọng Dũng,,,"665 Hai Bà Trưng, Hải Phòng",NBH01,",2641695476",,TUISACH,tuisach
Ngô Trường Liên,,,"165 Trần Phú, Cần Thơ",LKHA,",0984212199",,LAPTOP,laptop
Mai Phương Trang,,,"96 Nguyễn Trãi, Nha Trang",VIP,",8926180272",20/05/2024,DIENTHOAI,dienthoai
Lê Huệ My,,,"28 Nguyễn Trãi, Hải Phòng",NBH01,",5638799366",,BANPHIM,banphim
Trương Cẩm Thúy,,,"543 Hai Bà Trưng, Hà Nội",LKHA,",1372858294",02/02/2024,TUISACH,tuisach
Vương Thiện Luân,,,"872 Nguyễn Trãi, Nha Trang",VIP,",1116683490",18/11/2024,TUISACH,tuisach
Đoàn Nghi Minh,,,"421 Ngô Quyền, Cần Thơ",NBH01,",8342511356",10/07/2025,DIENTHOAI,dienthoai
Trương Việt Dũng,,,"379 Lý Thường Kiệt, Đà Nẵng",LKHA,",0216361415",03/08/2025,LAPTOP,laptop
Đinh Trúc Cương,,,"799 Nguyễn Trãi, Hải Phòng",VIP,",3469631484",,XEMAY,xemay
Dương Uyển Nghi,,,"593 Ngô Quyền, Đà Nẵng",NBH01,",6307930122",14/12/2024,BANPHIM,banphim
Đào Cao Sỹ,,,"513 Trần Phú, Nha Trang",LKHA,",1098246071",15/05/2024,BANPHIM,banphim
Dương Gia Thiện,,,"129 Trần Hưng Đạo, Hà Nội",VIP,",0329322546",05/04/2025,TUISACH,tuisach
Trương Ðan Tâm,,,"931 Trần Hưng Đạo, Hải Phòng",NBH01,",0916744288",08/11/2025,TUISACH,tuisach
Đặng Quỳnh Trâm,,,"597 Ngô Quyền, Đà Nẵng",LKHA,",5122834001",02/11/2025,XEMAY,xemay
Vương Quang Hải,,,"707 Lý Thường Kiệt, Hồ Chí Minh",VIP,",2754809201",01/04/2024,TUISACH,tuisach
Tô Mạnh Cương,,,"989 Nguyễn Du, Đà Nẵng",NBH01,",3338838178",23/12/2023,TUISACH,tuisach
Hoàng Duyên My,,,"840 Ngô Quyền, Cần Thơ",LKHA,",6377190310",25/11/2025,DIENTHOAI,dienthoai
Mai Quang Anh,,,"70 Phố Huế, Hồ Chí Minh",VIP,",8242194957",,BANPHIM,banphim
Đoàn Thủy Tâm,,,"113 Phố Huế, Cần Thơ",NBH01,",3112862052",10/10/2024,DIENTHOAI,dienthoai
Đỗ Việt Hùng,,,"648 Đinh Tiên Hoàng, Hải Phòng",LKHA,",6946071930",,BANPHIM,banphim
Hoàng Bình Minh,,,"25 Hai Bà Trưng, Nha Trang",VIP,",0401310388",05/04/2025,TUISACH,tuisach
Hoàng Công Lý,,,"852 Nguyễn Du, Đà Nẵng",NBH01,",2264144166",29/07/2025,LAPTOP,laptop
Phạm Tôn Lễ,,,"221 Ngô Quyền, Hồ Chí Minh",LKHA,",8663341165",12/01/2025,DIENTHOAI,dienthoai
Lê Thế Doanh,,,"967 Nguyễn Du, Đà Nẵng",VIP,",0339895540",,DIENTHOAI,dienthoai
Đào Vạn Thắng,,,"493 Phố Huế, Đà Nẵng",NBH01,",5052746931",15/10/2024,DIENTHOAI,dienthoai
Lâm Thụy Trâm,,,"780 Nguyễn Trãi, Cần Thơ",LKHA,",6507522623",07/11/2025,XEMAY,xemay
Vũ Kim Duyên,,,"344 Trần Hưng Đạo, Cần Thơ",VIP,",6458895621",,LAPTOP,laptop
Lê Phú Hùng,,,"554 Nguyễn Du, Đà Nẵng",NBH01,",8247260673",,XEMAY,xemay
Nguyễn Thuận Toàn,,,"963 Hai Bà Trưng, Đà Nẵng",LKHA,",9271869694",,BANPHIM,banphim
Ngô Kỳ Diệu,,,"8 Phố Huế, Hà Nội",VIP,",9892112898",21/07/2024,TUISACH,tuisach
Hoàng Mộng Liễu,,,"654 Lý Thường Kiệt, Hải Phòng",NBH01,",5502042415",07/03/2024,TUISACH,tuisach
Ngô Thanh Kiều,,,"47 Phố Huế, Hà Nội",LKHA,",8111657022",08/12/2023,XEMAY,xemay
Lâm Ngọc Ánh,,,"943 Hai Bà Trưng, Hà Nội",VIP,",8759008267",07/11/2025,BANPHIM,banphim
Lâm Thành Phương,,,"944 Phố Huế, Cần Thơ",NBH01,",7889666702",,LAPTOP,laptop
Hoàng Gia Cảnh,,,"500 Lý Thường Kiệt, Đà Nẵng",LKHA,",5816108782",06/01/2025,LAPTOP,laptop
Đào Tâm Nhi,,,"247 Đinh Tiên Hoàng, Đà Nẵng",VIP,",2572992573",19/10/2025,DIENTHOAI,dienthoai
Ngô Quốc Hòa,,,"681 Nguyễn Trãi, Đà Nẵng",NBH01,",6919572174",22/09/2025,BANPHIM,banphim
Đinh Mạnh Quỳnh,,,"277 Phố Huế, Cần Thơ",LKHA,",1998705165",,LAPTOP,laptop
Đỗ Mỹ Lan,,,"78 Trần Hưng Đạo, Hồ Chí Minh",VIP,",5276233914",10/11/2025,TUISACH,tuisach
Dương Hoàng Thái,,,"655 Đinh Tiên Hoàng, Nha Trang",NBH01,",9533701954",06/11/2025,TUISACH,tuisach
Mai Minh Khai,,,"931 Lý Thường Kiệt, Hà Nội",LKHA,",1100213324",26/02/2024,TUISACH,tuisach
Dương Bạch Liên,,,"613 Hai Bà Trưng, Hà Nội",VIP,",9229192185",03/10/2024,DIENTHOAI,dienthoai
Tăng Thi Ngôn,",05726137742",,"109 Nguyễn Du, Hải Phòng",NBH01,",5221860411",,LAPTOP,laptop
Phạm Chí Khang,,,"384 Phố Huế, Cần Thơ",LKHA,",2018124113",,TUISACH,tuisach
Ngô Quang Thái,,,"976 Hai Bà Trưng, Hải Phòng",VIP,",6834883292",22/11/2025,DIENTHOAI,dienthoai
Vũ Chí Kiên,,,"17 Nguyễn Trãi, Hà Nội",NBH01,",2880954395",14/11/2025,DIENTHOAI,dienthoai
Phan Minh Hỷ,,,"834 Hai Bà Trưng, Nha Trang",LKHA,",0387613663",15/11/2025,LAPTOP,laptop
Dương Thiên Phương,,,"957 Trần Phú, Đà Nẵng",VIP,",0227428172",29/10/2025,BANPHIM,banphim
Đinh Duyên Mỹ,,,"173 Lê Hồng Phong, Nha Trang",NBH01,",5294842806",13/01/2024,BANPHIM,banphim
Lâm Khai Minh,,,"826 Nguyễn Du, Hải Phòng",LKHA,",0583071771",06/11/2025,XEMAY,xemay
Lý Quang Lâm,,,"397 Nguyễn Trãi, Hồ Chí Minh",VIP,",3775185002",,XEMAY,xemay
Mai Hoàng Minh,,,"72 Trần Phú, Hải Phòng",NBH01,",7033818690",,LAPTOP,laptop
Lê Trúc Vy,,,"875 Lê Hồng Phong, Hải Phòng",LKHA,",3082163665",,BANPHIM,banphim
Đào Minh Ðạt,,,"919 Trần Phú, Hồ Chí Minh",VIP,",5998198114",,TUISACH,tuisach
Đinh Huỳnh Anh,,,"503 Nguyễn Trãi, Hải Phòng",NBH01,",9083837519",19/04/2024,XEMAY,xemay
Lê Thế Bình,,,"48 Đinh Tiên Hoàng, Cần Thơ",LKHA,",7408767760",12/01/2025,LAPTOP,laptop
Đỗ Ngân Anh,,,"741 Lý Thường Kiệt, Đà Nẵng",VIP,",9022763386",19/07/2024,DIENTHOAI,dienthoai
Trần Xuân Hạnh,,,"572 Phố Huế, Hồ Chí Minh",NBH01,",9703934379",,BANPHIM,banphim
Vũ Quốc Thiện,,,"779 Nguyễn Trãi, Nha Trang",LKHA,",8326015869",07/11/2025,XEMAY,xemay
Đỗ Ngọc Trâm,,,"620 Trần Phú, Hà Nội",VIP,",5634157369",,BANPHIM,banphim
Tăng Chí Giang,,,"464 Nguyễn Du, Cần Thơ",NBH01,",3181198718",,LAPTOP,laptop
Phùng Viết Nhân,,,"699 Hai Bà Trưng, Hồ Chí Minh",LKHA,",4033220734",13/08/2024,DIENTHOAI,dienthoai
Nguyễn Cẩm Liên,,,"934 Lý Thường Kiệt, Cần Thơ",VIP,",8027882817",,XEMAY,xemay
Phùng Cẩm Yến,,,"662 Nguyễn Trãi, Hà Nội",NBH01,",8163673709",01/11/2024,BANPHIM,banphim
Hà Bình Yên,",05726137742",,"130 Hai Bà Trưng, Cần Thơ",LKHA,",4419789021",11/11/2025,BANPHIM,banphim
Đỗ Việt Nhân,,,"153 Trần Hưng Đạo, Đà Nẵng",VIP,",9572829130",22/11/2025,TUISACH,tuisach
Ngô Hoàn Kiếm,,,"859 Trần Hưng Đạo, Hà Nội",NBH01,",5721965196",,BANPHIM,banphim
Mai Hoài Việt,,,"941 Đinh Tiên Hoàng, Cần Thơ",LKHA,",6909187325",07/03/2024,BANPHIM,banphim
Đỗ Phương Trang,,,"630 Nguyễn Du, Nha Trang",VIP,",1903787507",01/08/2025,LAPTOP,laptop
Vương Khánh Linh,,,"633 Trần Phú, Hải Phòng",NBH01,",0792125149",05/11/2025,BANPHIM,banphim
Trịnh Yên Bằng,,,"20 Nguyễn Du, Hà Nội",LKHA,",4122414089",02/01/2025,BANPHIM,banphim
Đinh Quốc Hưng,,,"907 Ngô Quyền, Cần Thơ",VIP,",0162488398",30/12/2023,BANPHIM,banphim
Lê Tiến Ðức,,,"834 Trần Phú, Hải Phòng",NBH01,",7481765821",21/07/2025,DIENTHOAI,dienthoai
Tô Ngọc Thạch,",05726137742",,"992 Nguyễn Trãi, Hải Phòng",LKHA,",6690697893",06/01/2024,DIENTHOAI,dienthoai
Hoàng Long Giang,,,"575 Lê Hồng Phong, Đà Nẵng",VIP,",1573439968",10/11/2025,DIENTHOAI,dienthoai
Đỗ Ngọc Liên,,,"78 Hai Bà Trưng, Hà Nội",NBH01,",5803079502",,XEMAY,xemay
Nguyễn Minh Phượng,,,"767 Đinh Tiên Hoàng, Đà Nẵng",LKHA,",7704471426",18/09/2025,XEMAY,xemay
Bùi Xuân Mai,",05726137742",,"748 Hai Bà Trưng, Hồ Chí Minh",VIP,",4788066123",02/11/2025,BANPHIM,banphim
Lâm Bích Quân,,,"871 Đinh Tiên Hoàng, Nha Trang",NBH01,",2573172778",01/11/2025,TUISACH,tuisach
Lê Thụy Khanh,,,"941 Hai Bà Trưng, Hồ Chí Minh",LKHA,",9487303051",19/09/2024,TUISACH,tuisach
Đinh Linh Giang,,,"318 Trần Hưng Đạo, Nha Trang",VIP,",7526744138",,XEMAY,xemay
Bùi Bích Ngọc,,,"573 Trần Hưng Đạo, Hồ Chí Minh",NBH01,",0077372315",27/10/2025,BANPHIM,banphim
Trịnh Bảo Vân,,,"876 Nguyễn Du, Đà Nẵng",LKHA,",4507579662",03/01/2025,BANPHIM,banphim
Tăng Thanh Dân,,,"222 Trần Hưng Đạo, Nha Trang",VIP,",8319795512",14/12/2024,XEMAY,xemay
Trương Kim Liên,,,"873 Nguyễn Trãi, Hà Nội",NBH01,",8617254266",,DIENTHOAI,dienthoai
Phùng Tâm Hiền,,,"814 Trần Hưng Đạo, Nha Trang",LKHA,",1691124619",06/11/2025,BANPHIM,banphim
Bùi Tuệ Nhi,,,"171 Phố Huế, Cần Thơ",VIP,",9130618316",05/09/2024,XEMAY,xemay
Tăng Trí Thắng,,,"305 Trần Hưng Đạo, Nha Trang",NBH01,",1471615126",27/10/2025,LAPTOP,laptop
Phùng Thiện Ân,,,"963 Phố Huế, Hồ Chí Minh",LKHA,",8355309885",02/11/2025,BANPHIM,banphim
Phùng Hương Trang,,,"749 Lý Thường Kiệt, Hà Nội",VIP,",7629428005",16/11/2025,LAPTOP,laptop
Lâm Duy Tuyền,,,"763 Nguyễn Du, Hải Phòng",NBH01,",8483901828",,XEMAY,xemay
Đinh Long Giang,,,"262 Nguyễn Du, Hồ Chí Minh",LKHA,",7276403448",28/06/2025,LAPTOP,laptop
Trương Quốc Thành,,,"543 Nguyễn Trãi, Đà Nẵng",VIP,",4082717213",07/05/2025,DIENTHOAI,dienthoai
Dương Nhân Từ,,,"394 Nguyễn Trãi, Hà Nội",NBH01,",5566755410",19/08/2024,BANPHIM,banphim
Hồ Kiều Dung,,,"769 Nguyễn Du, Cần Thơ",LKHA,",5770240692",02/06/2024,BANPHIM,banphim
Dương Thiên Ðức,,,"876 Lê Hồng Phong, Nha Trang",VIP,",1815317720",08/11/2025,LAPTOP,laptop
Nguyễn Hoàng Quân,,,"851 Lý Thường Kiệt, Hồ Chí Minh",NBH01,",2671513270",04/03/2024,BANPHIM,banphim
Đỗ Vy Lam,,,"858 Ngô Quyền, Hồ Chí Minh",LKHA,",4986167931",01/02/2025,XEMAY,xemay
Tô Hồng Đăng,,,"334 Đinh Tiên Hoàng, Nha Trang",VIP,",1165025161",26/04/2025,DIENTHOAI,dienthoai
Lâm Hải Giang,,,"336 Trần Hưng Đạo, Nha Trang",NBH01,",6031120476",,XEMAY,xemay
Trần Thanh Giang,,,"383 Nguyễn Trãi, Hà Nội",LKHA,",1896166335",,DIENTHOAI,dienthoai
Lâm Hạ Phương,,,"38 Lê Hồng Phong, Nha Trang",VIP,",0438160927",18/11/2025,DIENTHOAI,dienthoai
Dương Liên Kiệt,,,"202 Nguyễn Trãi, Hải Phòng",NBH01,",2133668600",29/08/2025,DIENTHOAI,dienthoai
Lý Thái Bình,,,"276 Hai Bà Trưng, Nha Trang",LKHA,",5863863808",14/11/2025,BANPHIM,banphim
Ngô Như Loan,,,"453 Trần Hưng Đạo, Đà Nẵng",VIP,",9688804960",13/11/2025,BANPHIM,banphim
Bùi Việt Cương,,,"225 Đinh Tiên Hoàng, Đà Nẵng",NBH01,",2731070631",,BANPHIM,banphim
Đào Phương Thi,,,"81 Trần Phú, Cần Thơ",LKHA,",8530152719",15/11/2025,XEMAY,xemay
Lý Thắng Cảnh,,,"511 Đinh Tiên Hoàng, Cần Thơ",VIP,",4084212832",,BANPHIM,banphim
Tăng Hữu Tường,,,"925 Đinh Tiên Hoàng, Đà Nẵng",NBH01,",3812065205",31/07/2024,XEMAY,xemay
Lý Dũng Trí,,,"696 Ngô Quyền, Cần Thơ",LKHA,",2259769654",13/11/2025,DIENTHOAI,dienthoai
Lâm Bạch Cúc,,,"201 Trần Hưng Đạo, Nha Trang",VIP,",9645229808",21/11/2025,LAPTOP,laptop
Phan Anh Thư,,,"541 Ngô Quyền, Cần Thơ",NBH01,",8716416261",27/02/2024,LAPTOP,laptop
Đặng Kiều Khanh,,,"470 Đinh Tiên Hoàng, Hà Nội",LKHA,",3691105744",31/10/2025,TUISACH,tuisach
Đinh Hữu Từ,,,"289 Hai Bà Trưng, Hà Nội",VIP,",7662873831",22/05/2025,LAPTOP,laptop
Đinh Lan Trúc,,,"381 Lý Thường Kiệt, Hà Nội",NBH01,",8674960386",,LAPTOP,laptop
Đoàn Nguyệt Anh,,,"947 Lý Thường Kiệt, Cần Thơ",LKHA,",7420129505",23/11/2024,BANPHIM,banphim
Nguyễn Lan Phương,,,"804 Nguyễn Du, Hải Phòng",VIP,",7118019986",05/11/2025,TUISACH,tuisach
Lê Anh Minh,,,"343 Lê Hồng Phong, Nha Trang",NBH01,",1374113312",,TUISACH,tuisach
Hoàng Thục Trinh,,,"677 Trần Phú, Hải Phòng",LKHA,",9805963870",15/03/2024,XEMAY,xemay
Trương Ân Lai,,,"76 Đinh Tiên Hoàng, Hồ Chí Minh",VIP,",4367353845",,BANPHIM,banphim
Đoàn Tuấn Ngọc,,,"220 Trần Hưng Đạo, Cần Thơ",NBH01,",3976926380",,XEMAY,xemay
Đoàn Hữu Hạnh,,,"875 Lê Hồng Phong, Nha Trang",LKHA,",0317486951",17/11/2025,TUISACH,tuisach
Hà Phương Ngọc,,,"865 Lê Hồng Phong, Cần Thơ",VIP,",3369900811",27/07/2025,DIENTHOAI,dienthoai
Đào Hoài Vỹ,,,"320 Lý Thường Kiệt, Hà Nội",NBH01,",7293953601",27/06/2025,LAPTOP,laptop
Đặng Liễu Oanh,,,"607 Hai Bà Trưng, Hải Phòng",LKHA,",1010515209",31/10/2025,XEMAY,xemay
Vũ Duy Minh,",05726137742",,"161 Nguyễn Du, Đà Nẵng",VIP,",8161001338",16/11/2025,DIENTHOAI,dienthoai
Mai Kim Toàn,,,"657 Lý Thường Kiệt, Cần Thơ",NBH01,",9873443917",07/10/2024,TUISACH,tuisach
Tô Quốc Quý,,,"21 Nguyễn Du, Hà Nội",LKHA,",6503579364",31/10/2025,DIENTHOAI,dienthoai
Đặng Phương Thùy,,,"319 Trần Phú, Nha Trang",VIP,",5789124365",15/04/2025,XEMAY,xemay
Dương Bảo Quyên,,,"394 Nguyễn Trãi, Hải Phòng",NBH01,",7415461816",02/12/2024,XEMAY,xemay
Bùi Uyên Minh,,,"960 Lý Thường Kiệt, Hải Phòng",LKHA,",4246876418",06/10/2025,DIENTHOAI,dienthoai
Trương Diễm Lộc,,,"600 Lý Thường Kiệt, Hồ Chí Minh",VIP,",3115072167",27/10/2025,XEMAY,xemay
Tô Uyên Thi,,,"50 Hai Bà Trưng, Nha Trang",NBH01,",3118412665",05/11/2024,TUISACH,tuisach
Vương Thanh Đan,,,"585 Lê Hồng Phong, Hà Nội",LKHA,",1684501894",30/10/2025,LAPTOP,laptop
Lâm Trúc Chi,,,"802 Lý Thường Kiệt, Hồ Chí Minh",VIP,",9512446751",,TUISACH,tuisach
Trương Xuân Yến,,,"263 Lê Hồng Phong, Hà Nội",NBH01,",5763033593",11/05/2025,DIENTHOAI,dienthoai
Hà Thiên Nương,,,"369 Lê Hồng Phong, Hồ Chí Minh",LKHA,",6598095693",,XEMAY,xemay
Ngô Minh Khai,,,"722 Đinh Tiên Hoàng, Hồ Chí Minh",VIP,",2000419700",,BANPHIM,banphim
Trịnh Trung Anh,,,"181 Trần Phú, Đà Nẵng",NBH01,",9547144296",08/03/2024,TUISACH,tuisach
Phùng Ðông Nguyên,,,"845 Trần Phú, Đà Nẵng",LKHA,",2705198640",16/08/2024,DIENTHOAI,dienthoai
Trương Công Tuấn,,,"95 Lê Hồng Phong, Hà Nội",VIP,",2079008670",20/01/2025,TUISACH,tuisach
Vương Chánh Việt,,,"853 Nguyễn Trãi, Cần Thơ",NBH01,",3311414315",,LAPTOP,laptop
Hồ Thanh Vũ,,,"290 Nguyễn Du, Cần Thơ",LKHA,",4165168744",,LAPTOP,laptop
Hồ Hướng Bình,,,"423 Nguyễn Trãi, Cần Thơ",VIP,",0913875875",21/11/2025,BANPHIM,banphim
Phùng Duy Thông,,,"745 Lê Hồng Phong, Cần Thơ",NBH01,",6879735901",14/07/2024,XEMAY,xemay
Vũ Khải Ca,,,"63 Nguyễn Trãi, Đà Nẵng",LKHA,",3749093427",10/11/2025,DIENTHOAI,dienthoai
Phạm Công Ân,,,"543 Nguyễn Trãi, Hải Phòng",VIP,",6793553465",,XEMAY,xemay
Ngô Hướng Dương,,,"592 Lê Hồng Phong, Nha Trang",NBH01,",5649773976",,LAPTOP,laptop
Đoàn Diệu Thúy,,,"119 Đinh Tiên Hoàng, Hà Nội",LKHA,",8896030531",,DIENTHOAI,dienthoai
Bùi Thủy Hồng,,,"483 Đinh Tiên Hoàng, Hải Phòng",VIP,",9991855148",01/11/2025,TUISACH,tuisach
Phan Yên Bình,,,"461 Đinh Tiên Hoàng, Đà Nẵng",NBH01,",3457454270",,LAPTOP,laptop
Đào Vân Hương,,,"482 Trần Phú, Hải Phòng",LKHA,",5477228102",,XEMAY,xemay
Đỗ Thiên Nga,,,"764 Nguyễn Du, Cần Thơ",VIP,",5203235708",20/11/2025,XEMAY,xemay
Lê Hồng Khanh,,,"750 Lý Thường Kiệt, Hải Phòng",NBH01,",8393952506",25/03/2025,XEMAY,xemay
Trương Phượng Tiên,,,"646 Lý Thường Kiệt, Hà Nội",LKHA,",9690333724",,LAPTOP,laptop
Phạm Phước Sơn,,,"891 Trần Hưng Đạo, Nha Trang",VIP,",3978869097",02/11/2025,DIENTHOAI,dienthoai
Đặng Ngọc Hằng,,,"188 Nguyễn Trãi, Đà Nẵng",NBH01,",8301498212",29/08/2024,BANPHIM,banphim
Lý Vũ Anh,,,"203 Trần Phú, Nha Trang",LKHA,",5250050917",,TUISACH,tuisach
Vương Phương Giang,,,"89 Nguyễn Du, Cần Thơ",VIP,",5004640194",12/11/2025,DIENTHOAI,dienthoai
Trương Minh Nhu,,,"767 Trần Hưng Đạo, Hải Phòng",NBH01,",8343404837",08/11/2025,TUISACH,tuisach
Phùng Ðức Nhân,,,"30 Hai Bà Trưng, Hà Nội",LKHA,",6817916422",28/10/2025,XEMAY,xemay
Ngô Xuân Hoa,,,"120 Hai Bà Trưng, Đà Nẵng",VIP,",6381939926",17/07/2025,XEMAY,xemay
Phạm Minh Nhân,,,"183 Lý Thường Kiệt, Nha Trang",NBH01,",4852690897",12/11/2025,TUISACH,tuisach
Đào Tịnh Tâm,,,"327 Phố Huế, Nha Trang",LKHA,",5730940106",08/11/2025,TUISACH,tuisach
Bùi Ngọc Phụng,,,"423 Ngô Quyền, Cần Thơ",VIP,",2209079760",,BANPHIM,banphim
Vương Chí Dũng,,,"314 Ngô Quyền, Đà Nẵng",NBH01,",9101538539",04/11/2025,TUISACH,tuisach
Tăng Ánh Dương,,,"91 Nguyễn Du, Hải Phòng",LKHA,",4223025552",13/06/2024,BANPHIM,banphim
Hà Quốc Trường,,,"654 Nguyễn Du, Đà Nẵng",VIP,",0736690328",,LAPTOP,laptop
Tô Mỹ Duyên,,,"233 Đinh Tiên Hoàng, Hồ Chí Minh",NBH01,",3108267117",15/11/2025,DIENTHOAI,dienthoai
Trần Thiện Lương,,,"150 Lê Hồng Phong, Cần Thơ",LKHA,",5830361104",22/07/2024,XEMAY,xemay
Đinh Mộng Vân,,,"723 Nguyễn Trãi, Nha Trang",VIP,",6310462654",,DIENTHOAI,dienthoai
Đoàn Kim Ngọc,,,"740 Trần Hưng Đạo, Hà Nội",NBH01,",7291186007",22/11/2025,DIENTHOAI,dienthoai
Phạm Cát Cát,,,"861 Lê Hồng Phong, Nha Trang",LKHA,",2146903159",20/01/2025,LAPTOP,laptop
Dương Chí Anh,,,"449 Nguyễn Trãi, Cần Thơ",VIP,",3955973754",12/11/2025,XEMAY,xemay
Phạm Trường Nhân,,,"383 Đinh Tiên Hoàng, Cần Thơ",NBH01,",5919116860",07/06/2024,DIENTHOAI,dienthoai
Phan Nghi Dung,,,"540 Trần Phú, Hải Phòng",LKHA,",7572347618",,DIENTHOAI,dienthoai
Vương Thế Dũng,,,"543 Hai Bà Trưng, Hà Nội",VIP,",7235345247",07/02/2025,TUISACH,tuisach
Tô Hạnh Phương,,,"334 Nguyễn Trãi, Đà Nẵng",NBH01,",5274252997",02/03/2025,LAPTOP,laptop
Tăng Thủy Tiên,,,"365 Trần Hưng Đạo, Đà Nẵng",LKHA,",0698797886",03/11/2025,LAPTOP,laptop
Hoàng Vinh Quốc,,,"597 Nguyễn Du, Cần Thơ",VIP,",8944075978",13/11/2025,TUISACH,tuisach
Dương Bá Long,,,"740 Trần Hưng Đạo, Nha Trang",NBH01,",1937184669",12/03/2024,DIENTHOAI,dienthoai
Hoàng Tuấn Kiệt,,,"789 Nguyễn Trãi, Hà Nội",LKHA,",6761613060",,LAPTOP,laptop
Lê Bảo Tiên,,,"677 Phố Huế, Hải Phòng",VIP,",2518671976",10/04/2025,TUISACH,tuisach
Hồ Khánh Nam,,,"961 Trần Hưng Đạo, Cần Thơ",NBH01,",4710490563",,LAPTOP,laptop
Đặng Hiệp Dinh,,,"617 Nguyễn Trãi, Nha Trang",LKHA,",9063486320",17/11/2025,DIENTHOAI,dienthoai
Dương Khắc Dũng,,,"513 Lê Hồng Phong, Nha Trang",VIP,",1081200418",29/05/2025,TUISACH,tuisach
Trịnh Ðắc Thái,,,"862 Nguyễn Trãi, Cần Thơ",NBH01,",3561504912",12/10/2024,BANPHIM,banphim
Phạm Ngọc Quyên,,,"283 Đinh Tiên Hoàng, Hải Phòng",LKHA,",9153902348",23/11/2025,LAPTOP,laptop
Đào Diên Vỹ,,,"802 Trần Phú, Hồ Chí Minh",VIP,",7941148475",12/01/2024,DIENTHOAI,dienthoai
Trịnh Ngọc Hằng,,,"790 Trần Hưng Đạo, Nha Trang",NBH01,",0909730645",20/04/2024,BANPHIM,banphim
Lâm Tố Quyên,,,"500 Nguyễn Trãi, Cần Thơ",LKHA,",8657613418",25/07/2025,XEMAY,xemay
Tô Chí Khang,,,"394 Trần Hưng Đạo, Đà Nẵng",VIP,",6114976150",07/11/2025,XEMAY,xemay
Ngô Mạnh Ðình,,,"234 Đinh Tiên Hoàng, Đà Nẵng",NBH01,",8259511157",,BANPHIM,banphim
Hoàng Thu Minh,,,"279 Trần Phú, Hồ Chí Minh",LKHA,",9047026749",04/11/2025,DIENTHOAI,dienthoai
Phạm Nguyên Bổng,,,"382 Lê Hồng Phong, Hải Phòng",VIP,",3006178682",28/07/2024,BANPHIM,banphim
Trần Nhật Hòa,,,"845 Lý Thường Kiệt, Cần Thơ",NBH01,",8044961190",24/04/2025,DIENTHOAI,dienthoai
Hà Ngọc San,",05726137742",,"765 Trần Phú, Nha Trang",LKHA,",7803651019",15/03/2024,TUISACH,tuisach
Phạm Hoàng Linh,,,"495 Lê Hồng Phong, Nha Trang",VIP,",6352202342",29/12/2023,DIENTHOAI,dienthoai
Phan Minh Quân,,,"229 Nguyễn Du, Nha Trang",NBH01,",0039151349",21/11/2025,LAPTOP,laptop
Trần Kim Tuyền,,,"600 Ngô Quyền, Nha Trang",LKHA,",9741197889",05/11/2025,TUISACH,tuisach
Hoàng Yên Sơn,,,"586 Trần Hưng Đạo, Hà Nội",VIP,",6284666036",20/11/2025,DIENTHOAI,dienthoai
Vương Tuấn Tú,,,"657 Lý Thường Kiệt, Đà Nẵng",NBH01,",5369259722",03/11/2025,TUISACH,tuisach
Phùng Quế Linh,",05726137742",,"717 Nguyễn Trãi, Hà Nội",LKHA,",0964532271",27/10/2025,DIENTHOAI,dienthoai
Vũ Danh Nhân,,,"592 Đinh Tiên Hoàng, Hà Nội",VIP,",3518097504",,BANPHIM,banphim
Mai Bảo Chấn,,,"752 Lê Hồng Phong, Hải Phòng",NBH01,",6431765460",10/06/2024,LAPTOP,laptop
Trương Bình Nguyên,,,"598 Phố Huế, Hà Nội",LKHA,",9450196318",20/11/2025,XEMAY,xemay
Ngô Hoa Lý,,,"794 Ngô Quyền, Cần Thơ",VIP,",9403892864",21/11/2025,LAPTOP,laptop
Tăng Uyển My,",05726137742",,"731 Phố Huế, Hồ Chí Minh",NBH01,",8947372876",,LAPTOP,laptop
Hồ Minh Thúy,,,"961 Nguyễn Trãi, Hồ Chí Minh",LKHA,",4109394116",,DIENTHOAI,dienthoai
Đoàn Vĩnh Hưng,,,"137 Ngô Quyền, Hồ Chí Minh",VIP,",8176667048",22/08/2025,BANPHIM,banphim
Phan Thanh Toản,,,"284 Lý Thường Kiệt, Đà Nẵng",NBH01,",5276716228",14/04/2025,TUISACH,tuisach
Nguyễn Tâm Hiền,,,"768 Trần Hưng Đạo, Đà Nẵng",LKHA,",3374411317",04/12/2023,LAPTOP,laptop
Phùng Hạnh Nga,,,"824 Nguyễn Du, Hà Nội",VIP,",8642525616",23/09/2025,BANPHIM,banphim
Phạm Trung Chính,,,"776 Hai Bà Trưng, Hà Nội",NBH01,",1729669934",11/11/2025,TUISACH,tuisach
Ngô Hùng Phong,,,"575 Ngô Quyền, Hải Phòng",LKHA,",5211824312",,TUISACH,tuisach
Tăng Bích Châu,,,"928 Phố Huế, Hải Phòng",VIP,",2856279335",,DIENTHOAI,dienthoai
Hồ Nhật Huy,,,"606 Hai Bà Trưng, Hà Nội",NBH01,",7405808697",,LAPTOP,laptop
Lâm Thiên Kim,,,"413 Lý Thường Kiệt, Cần Thơ",LKHA,",2020853416",,BANPHIM,banphim
Hồ Thanh Thủy,,,"511 Đinh Tiên Hoàng, Hà Nội",VIP,",5502655281",03/11/2025,TUISACH,tuisach
Trịnh Thanh Giang,,,"804 Hai Bà Trưng, Hải Phòng",NBH01,",5586166213",05/11/2025,DIENTHOAI,dienthoai
Vũ Gia Ðạo,,,"378 Phố Huế, Hồ Chí Minh",LKHA,",1821443886",25/11/2025,BANPHIM,banphim
Trần Thắng Lợi,,,"356 Lê Hồng Phong, Hà Nội",VIP,",5758275735",31/12/2024,LAPTOP,laptop
Mai Bích Ðào,,,"53 Trần Hưng Đạo, Nha Trang",NBH01,",7067832809",22/06/2025,BANPHIM,banphim
Mai Ái Nhi,,,"59 Ngô Quyền, Hà Nội",LKHA,",4055931282",,DIENTHOAI,dienthoai
Đoàn Thiện Thanh,,,"198 Trần Hưng Đạo, Hà Nội",VIP,",9726056603",20/01/2025,XEMAY,xemay
Lâm Anh Thái,,,"726 Hai Bà Trưng, Đà Nẵng",NBH01,",7200700389",18/11/2025,TUISACH,tuisach
Vũ Dạ Yến,,,"449 Hai Bà Trưng, Hồ Chí Minh",LKHA,",3056611555",,XEMAY,xemay
Vũ Thanh Nguyên,,,"630 Lê Hồng Phong, Cần Thơ",VIP,",4446327307",10/03/2024,TUISACH,tuisach
Trần Thái Ðức,,,"652 Lý Thường Kiệt, Hồ Chí Minh",NBH01,",0056223904",04/11/2025,XEMAY,xemay
Mai Duy Uyên,,,"347 Đinh Tiên Hoàng, Hồ Chí Minh",LKHA,",1182968737",26/03/2025,LAPTOP,laptop
Phan Dạ Hương,,,"517 Nguyễn Du, Hà Nội",VIP,",3657187658",08/06/2024,DIENTHOAI,dienthoai
Đinh Ánh Lệ,,,"108 Nguyễn Du, Hà Nội",NBH01,",0308572152",02/12/2024,XEMAY,xemay
Bùi Nguyên Khôi,,,"84 Nguyễn Du, Hà Nội",LKHA,",1048000507",17/11/2025,DIENTHOAI,dienthoai
Đào Ðồng Bằng,,,"929 Trần Hưng Đạo, Đà Nẵng",VIP,",3404330950",09/12/2023,XEMAY,xemay
Vũ Ý Lan,,,"813 Lê Hồng Phong, Hà Nội",NBH01,",2428168039",10/11/2025,DIENTHOAI,dienthoai
Vương Sỹ Phú,,,"313 Lý Thường Kiệt, Nha Trang",LKHA,",2723917333",17/07/2025,BANPHIM,banphim
Lâm Ðình Trung,,,"93 Trần Phú, Hồ Chí Minh",VIP,",0236416995",03/12/2023,DIENTHOAI,dienthoai
Trương Quốc Khánh,,,"557 Lý Thường Kiệt, Nha Trang",NBH01,",8095800132",08/11/2025,LAPTOP,laptop
Tô Tân Bình,,,"573 Lý Thường Kiệt, Cần Thơ",LKHA,",5599517731",31/10/2025,LAPTOP,laptop
Mai Mai Thy,,,"177 Nguyễn Du, Hà Nội",VIP,",5046601494",31/10/2025,TUISACH,tuisach
Tăng Ngọc Sương,,,"182 Trần Hưng Đạo, Hà Nội",NBH01,",9574886876",26/08/2024,XEMAY,xemay
Trần Nhật Duy,,,"503 Hai Bà Trưng, Hải Phòng",LKHA,",6454854970",27/12/2024,TUISACH,tuisach
Phùng Niệm Nhiên,,,"773 Đinh Tiên Hoàng, Đà Nẵng",VIP,",7295056303",22/11/2025,LAPTOP,laptop
Hồ Lâm Viên,,,"852 Trần Hưng Đạo, Đà Nẵng",NBH01,",2863928709",06/11/2025,LAPTOP,laptop
Đào Thiên An,,,"937 Trần Hưng Đạo, Hải Phòng",LKHA,",9203375464",23/01/2024,BANPHIM,banphim
Trịnh Hữu Khang,,,"312 Hai Bà Trưng, Hải Phòng",VIP,",5483161062",,LAPTOP,laptop
Hoàng Phương Triều,",05726137742",,"966 Hai Bà Trưng, Nha Trang",NBH01,",0079221465",,XEMAY,xemay
Hồ Ngọc Hiền,,,"8 Trần Hưng Đạo, Hà Nội",LKHA,",6396451238",,LAPTOP,laptop
Đào Hữu Nghĩa,,,"804 Ngô Quyền, Cần Thơ",VIP,",5457298495",14/10/2025,DIENTHOAI,dienthoai
Phạm Hải Phượng,,,"164 Đinh Tiên Hoàng, Hải Phòng",NBH01,",7471627012",26/07/2025,LAPTOP,laptop
Phùng Tuấn Hải,,,"768 Nguyễn Du, Hà Nội",LKHA,",8600472542",05/11/2025,LAPTOP,laptop
Trương Diễm Hạnh,,,"261 Phố Huế, Nha Trang",VIP,",9489811756",,DIENTHOAI,dienthoai
Phan Hoàng Duệ,,,"826 Trần Phú, Nha Trang",NBH01,",7281579556",05/08/2025,LAPTOP,laptop
Đặng Phi Ðiệp,,,"976 Đinh Tiên Hoàng, Hồ Chí Minh",LKHA,",5503311141",25/02/2024,TUISACH,tuisach
Đào Thái Tân,,,"347 Lê Hồng Phong, Cần Thơ",VIP,",2393371026",08/12/2024,XEMAY,xemay
Đặng Thanh Thảo,,,"454 Nguyễn Trãi, Hồ Chí Minh",NBH01,",6548730661",25/11/2025,DIENTHOAI,dienthoai
Trịnh Hiền Nương,,,"668 Nguyễn Trãi, Hải Phòng",LKHA,",1183899799",01/11/2025,DIENTHOAI,dienthoai
Vương Phúc Hưng,,,"765 Trần Phú, Nha Trang",VIP,",6540671919",,DIENTHOAI,dienthoai
Phan Phượng Tiên,,,"228 Lý Thường Kiệt, Nha Trang",NBH01,",6866400208",12/11/2025,XEMAY,xemay
Ngô Lâm Uyên,,,"587 Lý Thường Kiệt, Hà Nội",LKHA,",1723266414",,XEMAY,xemay
Vũ Tấn Lợi,,,"268 Đinh Tiên Hoàng, Hải Phòng",VIP,",4961888017",25/11/2025,BANPHIM,banphim
Đỗ Kiều Mỹ,,,"614 Lê Hồng Phong, Hồ Chí Minh",NBH01,",6425905114",31/10/2025,LAPTOP,laptop
Lê Ðăng An,,,"890 Nguyễn Du, Cần Thơ",LKHA,",8043604059",19/10/2024,XEMAY,xemay
Hoàng Mạnh Ðình,",05726137742",,"657 Ngô Quyền, Nha Trang",VIP,",2876487081",09/11/2025,DIENTHOAI,dienthoai
Đỗ Tuyết Nhi,,,"759 Nguyễn Trãi, Cần Thơ",NBH01,",1677870970",,BANPHIM,banphim
Hà Hào Nghiệp,,,"265 Đinh Tiên Hoàng, Hải Phòng",LKHA,",2408516686",14/06/2024,XEMAY,xemay
Vũ Vinh Quốc,,,"866 Nguyễn Du, Hà Nội",VIP,",7442717034",01/11/2025,DIENTHOAI,dienthoai
Trần Thủy Minh,,,"630 Hai Bà Trưng, Hải Phòng",NBH01,",4689861044",15/11/2025,TUISACH,tuisach
Dương Quốc Hiền,,,"110 Đinh Tiên Hoàng, Hà Nội",LKHA,",9999161516",28/10/2025,BANPHIM,banphim
Dương Phúc Ðiền,,,"129 Lý Thường Kiệt, Đà Nẵng",VIP,",0456086469",,DIENTHOAI,dienthoai
Ngô Trúc Quỳnh,,,"962 Ngô Quyền, Hà Nội",NBH01,",5779904772",22/01/2024,BANPHIM,banphim
Đặng Ánh Linh,,,"985 Trần Hưng Đạo, Hà Nội",LKHA,",0313645257",24/08/2025,DIENTHOAI,dienthoai
Vương Cát Cát,,,"815 Trần Phú, Hồ Chí Minh",VIP,",7573284504",10/12/2024,BANPHIM,banphim
Nguyễn Bích Thảo,,,"879 Nguyễn Trãi, Hồ Chí Minh",NBH01,",7547322440",07/11/2025,BANPHIM,banphim
Đinh Hải Bình,,,"683 Lý Thường Kiệt, Hồ Chí Minh",LKHA,",8736764741",31/10/2025,DIENTHOAI,dienthoai
Hà Diễm Thúy,,,"782 Nguyễn Trãi, Đà Nẵng",VIP,",7956910522",28/10/2025,XEMAY,xemay
Lê Tâm Hiền,,,"942 Ngô Quyền, Hải Phòng",NBH01,",7901921574",,TUISACH,tuisach
Đặng Vân Phi,,,"85 Lê Hồng Phong, Đà Nẵng",LKHA,",6572902069",10/11/2025,DIENTHOAI,dienthoai
Trần Duy Mạnh,,,"972 Ngô Quyền, Hải Phòng",VIP,",4102255301",17/10/2025,DIENTHOAI,dienthoai
Trương Lục Bình,,,"956 Hai Bà Trưng, Hồ Chí Minh",NBH01,",2800797288",24/08/2024,LAPTOP,laptop
Hồ Đinh Hương,,,"369 Phố Huế, Hồ Chí Minh",LKHA,",6155555567",28/10/2025,BANPHIM,banphim
Phùng Thanh Kiều,,,"35 Nguyễn Trãi, Nha Trang",VIP,",4429263756",12/11/2025,TUISACH,tuisach
Tăng Hoài Trung,,,"631 Trần Hưng Đạo, Hồ Chí Minh",NBH01,",1083924358",05/11/2025,BANPHIM,banphim
Hà Thương Nga,",05726137742",,"760 Hai Bà Trưng, Hà Nội",LKHA,",3721843668",05/12/2024,DIENTHOAI,dienthoai
Phan Ðình Nhân,,,"582 Nguyễn Trãi, Đà Nẵng",VIP,",3396911271",21/11/2025,TUISACH,tuisach
Đào Thủy Nguyệt,,,"195 Trần Hưng Đạo, Hồ Chí Minh",NBH01,",5746182603",08/12/2023,DIENTHOAI,dienthoai
Đào Quang Hùng,,,"844 Hai Bà Trưng, Cần Thơ",LKHA,",1553263971",17/04/2025,DIENTHOAI,dienthoai
Trần Mỹ Nhân,",05726137742",,"665 Hai Bà Trưng, Nha Trang",VIP,",5565450515",16/11/2025,LAPTOP,laptop
Đặng Chí Sơn,,,"89 Phố Huế, Cần Thơ",NBH01,",0173249151",14/11/2025,DIENTHOAI,dienthoai
Bùi Hồ Nam,,,"335 Nguyễn Du, Hà Nội",LKHA,",0846428121",,DIENTHOAI,dienthoai
Đoàn Quân Dương,,,"550 Phố Huế, Hồ Chí Minh",VIP,",1666180899",11/11/2025,TUISACH,tuisach
Bùi Hạnh Tường,,,"137 Nguyễn Trãi, Đà Nẵng",NBH01,",4104307073",,TUISACH,tuisach
Nguyễn Tấn Trình,",05726137742",,"302 Hai Bà Trưng, Cần Thơ",LKHA,",3537800697",18/04/2024,BANPHIM,banphim
Đặng Minh Tuấn,,,"24 Lý Thường Kiệt, Cần Thơ",VIP,",2571764785",09/11/2025,DIENTHOAI,dienthoai
Trương Khúc Lan,,,"815 Trần Hưng Đạo, Đà Nẵng",NBH01,",2352740694",11/11/2025,DIENTHOAI,dienthoai
Đỗ Thùy Dương,,,"738 Lý Thường Kiệt, Đà Nẵng",LKHA,",3767640211",04/11/2025,DIENTHOAI,dienthoai
Lý Hải Bình,,,"237 Ngô Quyền, Hải Phòng",VIP,",3782943669",27/02/2025,XEMAY,xemay
Nguyễn Nhật Quân,,,"675 Lê Hồng Phong, Đà Nẵng",NBH01,",7201932454",09/06/2024,LAPTOP,laptop
Vũ Cao Thọ,,,"387 Trần Phú, Cần Thơ",LKHA,",6064300693",15/10/2024,BANPHIM,banphim
Dương Hồng Giang,,,"868 Phố Huế, Hà Nội",VIP,",7010827602",13/06/2024,XEMAY,xemay
Trần Giáng Tiên,,,"740 Nguyễn Trãi, Hà Nội",NBH01,",1438518822",13/05/2025,XEMAY,xemay
Nguyễn Hữu Hiệp,,,"542 Đinh Tiên Hoàng, Hà Nội",LKHA,",9951617503",12/11/2025,TUISACH,tuisach
Vương Hồng Lâm,,,"58 Nguyễn Du, Hà Nội",VIP,",3863205214",29/04/2024,TUISACH,tuisach
Lý Tâm Thanh,,,"891 Hai Bà Trưng, Hà Nội",NBH01,",1303985783",05/01/2025,DIENTHOAI,dienthoai
Lý Ngọc Khanh,,,"7 Nguyễn Du, Hà Nội",LKHA,",1127174989",03/05/2025,LAPTOP,laptop
Đoàn Công Tráng,,,"796 Phố Huế, Cần Thơ",VIP,",8444299824",28/08/2024,TUISACH,tuisach
Hoàng Trung Anh,,,"710 Nguyễn Trãi, Đà Nẵng",NBH01,",5292056935",05/11/2025,TUISACH,tuisach
Trương Giang Thanh,,,"710 Phố Huế, Hải Phòng",LKHA,",5896133332",,TUISACH,tuisach
Trịnh Cao Thọ,,,"698 Lê Hồng Phong, Nha Trang",VIP,",9033585868",24/06/2025,TUISACH,tuisach
Hồ Tùng Linh,,,"166 Phố Huế, Đà Nẵng",NBH01,",4712229751",24/03/2025,LAPTOP,laptop
Trương Kim Sơn,,,"95 Lý Thường Kiệt, Cần Thơ",LKHA,",6944900652",,XEMAY,xemay
Hà Bích Hà,,,"972 Nguyễn Du, Hồ Chí Minh",VIP,",8068219478",07/08/2025,BANPHIM,banphim
Phạm Huy Phong,,,"987 Phố Huế, Cần Thơ",NBH01,",2703007847",23/11/2025,XEMAY,xemay
Mai Ngọc Khôi,,,"251 Lý Thường Kiệt, Hà Nội",LKHA,",0492992893",,DIENTHOAI,dienthoai
Bùi Việt Chính,,,"550 Hai Bà Trưng, Nha Trang",VIP,",4472777199",03/11/2025,LAPTOP,laptop
Lê Trọng Vinh,,,"927 Lê Hồng Phong, Hà Nội",NBH01,",3540973715",,LAPTOP,laptop
Tăng Hương Liên,,,"217 Nguyễn Trãi, Hải Phòng",LKHA,",5662900571",,XEMAY,xemay
Lâm Hiếu Phong,,,"7 Ngô Quyền, Nha Trang",VIP,",7185259144",28/01/2024,TUISACH,tuisach
Dương Hiếu Hạnh,,,"656 Trần Phú, Hồ Chí Minh",NBH01,",4453320938",15/10/2025,DIENTHOAI,dienthoai
Phạm Tiến Võ,,,"863 Hai Bà Trưng, Hà Nội",LKHA,",4246296439",08/11/2025,XEMAY,xemay
Đặng Hạ Phương,,,"178 Lê Hồng Phong, Hải Phòng",VIP,",9016200862",,LAPTOP,laptop
Vũ Thu Hiền,,,"954 Nguyễn Du, Hồ Chí Minh",NBH01,",4321490144",,BANPHIM,banphim
Trương Hạnh Phương,,,"345 Nguyễn Trãi, Nha Trang",LKHA,",7722362376",24/11/2025,BANPHIM,banphim
Hà Quỳnh Nga,,,"102 Hai Bà Trưng, Cần Thơ",VIP,",5346588036",24/02/2025,LAPTOP,laptop
Đặng Thu Phượng,,,"192 Phố Huế, Hồ Chí Minh",NBH01,",7316960229",18/05/2024,LAPTOP,laptop
Đào Diệp Vy,,,"236 Nguyễn Trãi, Đà Nẵng",LKHA,",7245958976",,XEMAY,xemay
Vương Hoàng Thư,,,"379 Ngô Quyền, Cần Thơ",VIP,",4144445996",,DIENTHOAI,dienthoai
Nguyễn Kim Loan,,,"167 Trần Phú, Hà Nội",NBH01,",6472055806",18/11/2025,BANPHIM,banphim
Đặng Phương Triều,,,"987 Đinh Tiên Hoàng, Đà Nẵng",LKHA,",5832099408",12/12/2023,LAPTOP,laptop
Đinh Nguyên Giang,,,"464 Trần Hưng Đạo, Đà Nẵng",VIP,",4696537447",23/07/2024,LAPTOP,laptop
Bùi Minh Yến,,,"454 Nguyễn Trãi, Hồ Chí Minh",NBH01,",5594361661",15/11/2025,BANPHIM,banphim
Đào Khánh Hằng,,,"540 Trần Phú, Cần Thơ",LKHA,",8462116641",29/10/2025,LAPTOP,laptop
Hồ Bạch Yến,,,"514 Đinh Tiên Hoàng, Đà Nẵng",VIP,",8272018422",13/02/2025,BANPHIM,banphim
Đoàn Thượng Năng,,,"524 Nguyễn Trãi, Hà Nội",NBH01,",5803792666",13/12/2023,DIENTHOAI,dienthoai
Lâm Hà Mi,,,"336 Trần Phú, Đà Nẵng",LKHA,",6714979998",,TUISACH,tuisach
Vương Ái Hồng,,,"345 Lê Hồng Phong, Hải Phòng",VIP,",3347236483",,TUISACH,tuisach
Lâm Minh Khôi,,,"587 Trần Hưng Đạo, Hải Phòng",NBH01,",8096654389",02/08/2025,TUISACH,tuisach
Lê Thiên Thêu,,,"996 Lê Hồng Phong, Nha Trang",LKHA,",8270252001",18/11/2025,DIENTHOAI,dienthoai
Lý Phương Thủy,,,"411 Lê Hồng Phong, Hải Phòng",VIP,",8489225967",17/03/2024,TUISACH,tuisach
Dương Vân Trang,,,"65 Lê Hồng Phong, Cần Thơ",NBH01,",1460275522",18/11/2025,LAPTOP,laptop
Hoàng Hữu Nam,,,"311 Trần Hưng Đạo, Đà Nẵng",LKHA,",8294804160",13/09/2024,BANPHIM,banphim
Bùi Yến Phượng,,,"190 Ngô Quyền, Đà Nẵng",VIP,",5217811083",10/11/2025,TUISACH,tuisach
Tăng Phú Hiệp,,,"839 Ngô Quyền, Hà Nội",NBH01,",0915476022",24/11/2025,XEMAY,xemay
Đỗ Linh San,,,"198 Trần Hưng Đạo, Đà Nẵng",LKHA,",9987789094",,XEMAY,xemay
Đặng Phượng Nhi,,,"35 Nguyễn Trãi, Hải Phòng",VIP,",1752062792",29/07/2024,BANPHIM,banphim
Đặng An Cơ,,,"6 Ngô Quyền, Hồ Chí Minh",NBH01,",9184062361",10/11/2025,LAPTOP,laptop
Trần Như Phương,,,"779 Đinh Tiên Hoàng, Đà Nẵng",LKHA,",0763369148",03/11/2025,TUISACH,tuisach
Mai Công Sinh,,,"698 Trần Phú, Nha Trang",VIP,",6999480636",,TUISACH,tuisach
Mai Hồng Tâm,,,"958 Ngô Quyền, Cần Thơ",NBH01,",7736089496",24/11/2025,TUISACH,tuisach
Hồ Ðắc Lực,,,"745 Lê Hồng Phong, Hồ Chí Minh",LKHA,",9208588002",,DIENTHOAI,dienthoai
Tô Ngọc Mai,,,"591 Hai Bà Trưng, Hà Nội",VIP,",5030398647",11/04/2024,DIENTHOAI,dienthoai
Trịnh Ngọc Lai,,,"137 Hai Bà Trưng, Cần Thơ",NBH01,",3070142745",06/12/2023,BANPHIM,banphim
Tô Tấn Tài,,,"665 Lý Thường Kiệt, Hà Nội",LKHA,",8706222213",10/01/2025,LAPTOP,laptop
Phạm Cát Ly,,,"746 Lý Thường Kiệt, Hà Nội",VIP,",4500006282",16/11/2025,BANPHIM,banphim
Dương Kim Tuyết,,,"87 Phố Huế, Nha Trang",NBH01,",8414636610",,LAPTOP,laptop
Trịnh Ðịnh Siêu,,,"658 Hai Bà Trưng, Hải Phòng",LKHA,",1370094706",,DIENTHOAI,dienthoai
Trần Minh Trung,,,"214 Phố Huế, Nha Trang",VIP,",4642463866",13/08/2025,TUISACH,tuisach
Đỗ Hiểu Lam,,,"355 Lý Thường Kiệt, Hải Phòng",NBH01,",7109292787",,TUISACH,tuisach
Vương Ánh Hoa,,,"955 Nguyễn Trãi, Nha Trang",LKHA,",0559160362",15/11/2025,DIENTHOAI,dienthoai
Bùi Tuấn Long,,,"449 Ngô Quyền, Hải Phòng",VIP,",4790971063",03/11/2025,XEMAY,xemay
Bùi Liên Hoa,,,"402 Phố Huế, Hà Nội",NBH01,",7098950951",01/11/2025,XEMAY,xemay
Lý Hồng Khanh,,,"314 Lê Hồng Phong, Nha Trang",LKHA,",3239328395",29/10/2025,DIENTHOAI,dienthoai
Đào Hữu Tường,,,"920 Lê Hồng Phong, Hồ Chí Minh",VIP,",1014349908",28/10/2025,LAPTOP,laptop
Trương Thượng Nghị,,,"171 Đinh Tiên Hoàng, Nha Trang",NBH01,",9129772047",,BANPHIM,banphim
Hồ Tất Bình,",05726137742",,"748 Nguyễn Du, Hà Nội",LKHA,",2788973417",26/01/2025,DIENTHOAI,dienthoai
Hoàng Nhã Uyên,,,"661 Trần Phú, Hà Nội",VIP,",1744972509",,BANPHIM,banphim
Đỗ Minh Nghĩa,,,"325 Trần Hưng Đạo, Hải Phòng",NBH01,",8875635760",01/01/2024,TUISACH,tuisach
Mai Minh Nguyệt,,,"636 Lý Thường Kiệt, Hồ Chí Minh",LKHA,",7844603737",08/03/2025,TUISACH,tuisach
Phan Lâm Viên,,,"866 Nguyễn Du, Nha Trang",VIP,",6797310334",14/11/2025,LAPTOP,laptop
Tô Thụy Miên,,,"927 Ngô Quyền, Nha Trang",NBH01,",8110000243",11/02/2025,XEMAY,xemay
Vương Nguyệt Hà,,,"21 Đinh Tiên Hoàng, Hải Phòng",LKHA,",6100563656",24/06/2025,LAPTOP,laptop
Đào Xuân Nhiên,",05726137742",,"472 Phố Huế, Cần Thơ",VIP,",1097272606",02/11/2025,BANPHIM,banphim
Đinh Nguyệt Uyển,,,"838 Phố Huế, Hà Nội",NBH01,",9831141232",,DIENTHOAI,dienthoai
Đào Thế Minh,,,"555 Đinh Tiên Hoàng, Đà Nẵng",LKHA,",4765533279",29/09/2025,DIENTHOAI,dienthoai
Nguyễn Thanh Thiên,,,"851 Nguyễn Du, Nha Trang",VIP,",4024798840",31/10/2025,BANPHIM,banphim
Phạm Vương Việt,,,"665 Trần Phú, Nha Trang",NBH01,",9616806093",,DIENTHOAI,dienthoai
Nguyễn Thanh Ngân,,,"116 Lê Hồng Phong, Đà Nẵng",LKHA,",2692107352",,BANPHIM,banphim
Tô Thủy Trang,,,"218 Nguyễn Trãi, Cần Thơ",VIP,",2477636071",16/11/2025,BANPHIM,banphim
Tô Diệu Linh,",05726137742",,"145 Nguyễn Trãi, Đà Nẵng",NBH01,",3055313386",,XEMAY,xemay
Mai Nhân Từ,,,"50 Trần Hưng Đạo, Hồ Chí Minh",LKHA,",1772077192",29/10/2025,DIENTHOAI,dienthoai
Tô Quốc Hòa,,,"548 Lý Thường Kiệt, Cần Thơ",VIP,",5533274158",,DIENTHOAI,dienthoai
Mai Đoan Trang,,,"173 Nguyễn Du, Hà Nội",NBH01,",9176235151",,BANPHIM,banphim
Tăng Trường Sa,,,"334 Trần Phú, Nha Trang",LKHA,",2602950344",,LAPTOP,laptop
Đinh Thu Sương,,,"756 Hai Bà Trưng, Hà Nội",VIP,",9102364968",,TUISACH,tuisach
Vương Cao Thọ,,,"341 Nguyễn Du, Hà Nội",NBH01,",4845796884",21/09/2024,DIENTHOAI,dienthoai
Lý Khải Hòa,,,"818 Lê Hồng Phong, Đà Nẵng",LKHA,",4871563273",11/04/2024,XEMAY,xemay
Bùi Xuân Lạc,,,"66 Phố Huế, Hải Phòng",VIP,",2250968135",,TUISACH,tuisach
Lý Yến Trâm,,,"475 Phố Huế, Đà Nẵng",NBH01,",8615074091",20/07/2024,XEMAY,xemay
Dương Hoàng Mai,,,"362 Hai Bà Trưng, Hà Nội",LKHA,",4911906479",01/11/2025,BANPHIM,banphim
Hồ Tường Lân,,,"494 Trần Phú, Nha Trang",VIP,",7288023212",20/02/2024,BANPHIM,banphim
Mai Phương Trang,,,"887 Ngô Quyền, Nha Trang",NBH01,",4167266237",25/02/2025,LAPTOP,laptop
Đào Bích Thu,,,"764 Trần Phú, Nha Trang",LKHA,",3463173346",19/12/2023,XEMAY,xemay
Phan Lâm Tuyền,,,"744 Nguyễn Du, Đà Nẵng",VIP,",9398467651",,TUISACH,tuisach
Hồ Bình Nguyên,",05726137742",,"476 Trần Phú, Đà Nẵng",NBH01,",4059557179",14/01/2025,BANPHIM,banphim
Đỗ Phong Ðộ,,,"703 Hai Bà Trưng, Hà Nội",LKHA,",0451061600",08/03/2025,TUISACH,tuisach
Bùi Bích Hảo,,,"998 Lê Hồng Phong, Nha Trang",VIP,",2875656706",22/10/2024,BANPHIM,banphim
Đặng Thu Hà,,,"387 Đinh Tiên Hoàng, Hải Phòng",NBH01,",7059036839",04/10/2024,XEMAY,xemay
Hà Quốc Thiện,,,"967 Ngô Quyền, Nha Trang",LKHA,",0725158530",,LAPTOP,laptop
Đào Ðức Tuấn,,,"878 Hai Bà Trưng, Hà Nội",VIP,",4213847646",,BANPHIM,banphim
Dương Xuân Thanh,,,"101 Trần Hưng Đạo, Nha Trang",NBH01,",6792622298",06/07/2024,XEMAY,xemay
Bùi Thụy Vũ,,,"185 Nguyễn Trãi, Hà Nội",LKHA,",5549654898",,LAPTOP,laptop
Lâm Quỳnh Tiên,,,"395 Ngô Quyền, Hà Nội",VIP,",8515342945",,LAPTOP,laptop
Phạm Huệ Hồng,,,"247 Ngô Quyền, Hồ Chí Minh",NBH01,",1091809810",07/12/2023,BANPHIM,banphim
Trần Diệp Anh,,,"312 Nguyễn Trãi, Hà Nội",LKHA,",1159158966",20/11/2025,TUISACH,tuisach
Vương Hải Phượng,,,"177 Lê Hồng Phong, Đà Nẵng",VIP,",2025718840",16/10/2025,TUISACH,tuisach
Bùi Cẩm Hạnh,,,"432 Ngô Quyền, Hải Phòng",NBH01,",9116326911",,XEMAY,xemay
Nguyễn Hồng Ðào,",05726137742",,"497 Nguyễn Trãi, Đà Nẵng",LKHA,",4930726767",12/11/2025,XEMAY,xemay
Đoàn Hiếu Minh,,,"840 Lý Thường Kiệt, Hồ Chí Minh",VIP,",6367932456",27/02/2024,XEMAY,xemay
Đinh Chiêu Phong,,,"964 Phố Huế, Hồ Chí Minh",NBH01,",9791883514",07/07/2025,TUISACH,tuisach
Trần Ngọc Danh,,,"119 Ngô Quyền, Hà Nội",LKHA,",8453938386",18/11/2025,BANPHIM,banphim
Tô Diễm Lộc,,,"393 Trần Hưng Đạo, Nha Trang",VIP,",5819174394",17/12/2023,BANPHIM,banphim
Hồ Xuân Hòa,,,"582 Trần Hưng Đạo, Hà Nội",NBH01,",1426273411",,XEMAY,xemay
Tăng Thu Ngọc,,,"802 Trần Phú, Cần Thơ",LKHA,",7199732341",14/11/2025,BANPHIM,banphim
Mai Thanh Tuấn,,,"552 Ngô Quyền, Cần Thơ",VIP,",2613074690",14/11/2025,XEMAY,xemay
Phạm Hoa Liên,,,"131 Trần Hưng Đạo, Hải Phòng",NBH01,",1573985939",05/07/2024,BANPHIM,banphim
Tăng Thúy Diễm,,,"21 Ngô Quyền, Hồ Chí Minh",LKHA,",7818954981",,XEMAY,xemay
Đào Minh Khai,,,"567 Ngô Quyền, Hà Nội",VIP,",5519944461",,BANPHIM,banphim
Bùi Hạ Phương,,,"682 Trần Hưng Đạo, Đà Nẵng",NBH01,",3821526730",30/03/2024,BANPHIM,banphim
Đào Tuyết Nhung,,,"780 Trần Phú, Nha Trang",LKHA,",9690886360",19/07/2024,TUISACH,tuisach
Đào Bảo Lễ,,,"207 Trần Phú, Nha Trang",VIP,",7837621289",24/11/2025,BANPHIM,banphim
Trương Diễm Trinh,,,"114 Hai Bà Trưng, Hà Nội",NBH01,",0716563460",,BANPHIM,banphim
Trịnh Thế Tường,",05726137742",,"77 Lý Thường Kiệt, Đà Nẵng",LKHA,",0566364314",03/10/2024,TUISACH,tuisach
Tăng Ánh Lệ,,,"955 Đinh Tiên Hoàng, Đà Nẵng",VIP,",3719871546",,LAPTOP,laptop
Phùng Duy Kính,,,"418 Nguyễn Du, Cần Thơ",NBH01,",0794053793",19/06/2025,BANPHIM,banphim
Đỗ Nhã Sương,,,"147 Trần Phú, Hà Nội",LKHA,",1705395216",29/07/2025,LAPTOP,laptop
Hoàng Quang Anh,,,"398 Ngô Quyền, Cần Thơ",VIP,",4578652812",23/03/2024,TUISACH,tuisach
Lê Sao Mai,,,"244 Đinh Tiên Hoàng, Cần Thơ",NBH01,",2691952880",,BANPHIM,banphim
Nguyễn Huyền Diệu,,,"564 Nguyễn Trãi, Hà Nội",LKHA,",5870445125",04/03/2024,TUISACH,tuisach
Đinh Cao Tiến,",05726137742",,"309 Đinh Tiên Hoàng, Hà Nội",VIP,",5211687342",22/10/2025,XEMAY,xemay
Lý Mạnh Hùng,,,"931 Nguyễn Trãi, Hồ Chí Minh",NBH01,",8662706626",08/03/2025,TUISACH,tuisach
Lý Liên Như,,,"687 Lê Hồng Phong, Nha Trang",LKHA,",4765686701",,BANPHIM,banphim
Lý Bảo Thoa,,,"222 Trần Phú, Cần Thơ",VIP,",1475587564",,XEMAY,xemay
Đinh Hoài Phương,,,"640 Lê Hồng Phong, Hà Nội",NBH01,",8887780154",25/11/2025,TUISACH,tuisach
Trương Hùng Ngọc,,,"258 Ngô Quyền, Nha Trang",LKHA,",5200550101",,TUISACH,tuisach
Tăng Lâm Viên,,,"700 Phố Huế, Hải Phòng",VIP,",1231496693",26/07/2024,XEMAY,xemay
Đào Linh Lan,,,"589 Trần Hưng Đạo, Hải Phòng",NBH01,",6256546691",24/04/2025,BANPHIM,banphim
Đặng Trọng Hiếu,,,"8 Lý Thường Kiệt, Hà Nội",LKHA,",9732243799",12/11/2024,DIENTHOAI,dienthoai
Trịnh Kim Dung,,,"791 Nguyễn Du, Nha Trang",VIP,",8059875259",,DIENTHOAI,dienthoai
Lâm Nguyên Bổng,,,"473 Lê Hồng Phong, Hải Phòng",NBH01,",4066171094",19/03/2025,TUISACH,tuisach
Đào Xuân Mai,,,"306 Phố Huế, Hồ Chí Minh",LKHA,",6888646616",04/06/2024,LAPTOP,laptop
Lê Lương Tài,,,"970 Trần Hưng Đạo, Nha Trang",VIP,",0478216924",24/06/2025,DIENTHOAI,dienthoai
Hoàng Thiện Ân,,,"86 Ngô Quyền, Cần Thơ",NBH01,",3617660604",05/11/2025,BANPHIM,banphim
Phan Quốc Tuấn,,,"109 Đinh Tiên Hoàng, Hải Phòng",LKHA,",8372886439",02/12/2023,LAPTOP,laptop
Mai Tiến Hoạt,,,"235 Phố Huế, Hà Nội",VIP,",6670711650",30/10/2025,DIENTHOAI,dienthoai
Hà Tuyết Hoa,,,"615 Đinh Tiên Hoàng, Đà Nẵng",NBH01,",2831065511",01/03/2024,TUISACH,tuisach
Nguyễn Huy Anh,,,"339 Trần Hưng Đạo, Đà Nẵng",LKHA,",7045517509",,TUISACH,tuisach
Tô Gia Nghị,,,"94 Phố Huế, Hà Nội",VIP,",3958747618",07/11/2025,LAPTOP,laptop
Đặng Sỹ Phú,,,"932 Trần Phú, Cần Thơ",NBH01,",3419150503",,BANPHIM,banphim
Hà Tiểu Bảo,,,"578 Nguyễn Trãi, Hải Phòng",LKHA,",9067607677",28/10/2025,BANPHIM,banphim
Đào Trúc Ly,,,"12 Nguyễn Trãi, Cần Thơ",VIP,",9531850977",23/05/2024,LAPTOP,laptop
Tô Hữu Tâm,,,"439 Nguyễn Du, Hồ Chí Minh",NBH01,",4170645056",,XEMAY,xemay
Ngô Diễm Hương,,,"800 Đinh Tiên Hoàng, Cần Thơ",LKHA,",4362528918",23/04/2025,BANPHIM,banphim
Đặng Ðắc Di,,,"478 Phố Huế, Nha Trang",VIP,",2421343362",08/11/2025,BANPHIM,banphim
Đoàn Hữu Bảo,,,"359 Trần Phú, Hồ Chí Minh",NBH01,",5137352298",22/06/2024,LAPTOP,laptop
Phạm Hướng Thiện,,,"681 Nguyễn Du, Hà Nội",LKHA,",4281466303",04/11/2025,XEMAY,xemay
Mai Anh Ðào,,,"438 Nguyễn Du, Hà Nội",VIP,",3169389523",,BANPHIM,banphim
Trần Hùng Sơn,,,"259 Phố Huế, Cần Thơ",NBH01,",4975310971",10/12/2024,BANPHIM,banphim
Phùng Tuệ Mẫn,,,"697 Trần Hưng Đạo, Hà Nội",LKHA,",5258189552",,LAPTOP,laptop
Đào Bữu Toại,,,"674 Trần Hưng Đạo, Đà Nẵng",VIP,",1109252582",27/10/2025,XEMAY,xemay
Tăng Quang Hải,,,"461 Ngô Quyền, Hải Phòng",NBH01,",1480159254",24/11/2025,DIENTHOAI,dienthoai
Trần Huy Thành,,,"389 Phố Huế, Hải Phòng",LKHA,",5881669076",23/04/2025,BANPHIM,banphim
Tăng Bảo Bảo,,,"905 Lê Hồng Phong, Hà Nội",VIP,",8280485255",,BANPHIM,banphim
Tăng Mộng Hương,,,"286 Trần Hưng Đạo, Hà Nội",NBH01,",3939164814",24/10/2024,TUISACH,tuisach
Đào Hồng Ðào,,,"556 Nguyễn Du, Hồ Chí Minh",LKHA,",9930919084",,DIENTHOAI,dienthoai
Mai Phi Hùng,",05726137742",,"346 Lý Thường Kiệt, Đà Nẵng",VIP,",6912438131",,TUISACH,tuisach
Tăng Phong Ðộ,,,"366 Nguyễn Trãi, Hải Phòng",NBH01,",0519872957",13/04/2025,DIENTHOAI,dienthoai
Nguyễn Quốc Thắng,,,"271 Trần Phú, Nha Trang",LKHA,",2063213151",,XEMAY,xemay
Phạm Bá Cường,,,"250 Ngô Quyền, Hà Nội",VIP,",4663657259",15/08/2025,DIENTHOAI,dienthoai
Vũ Tuyết Trinh,,,"203 Đinh Tiên Hoàng, Đà Nẵng",NBH01,",9457807808",09/07/2025,XEMAY,xemay
Trần Quỳnh Liên,,,"777 Ngô Quyền, Đà Nẵng",LKHA,",3406368348",29/12/2023,DIENTHOAI,dienthoai
Đào Nguyên Văn,,,"408 Trần Hưng Đạo, Đà Nẵng",VIP,",3420567440",25/11/2025,BANPHIM,banphim
Lê Vân Du,,,"962 Ngô Quyền, Cần Thơ",NBH01,",8336205486",04/12/2024,DIENTHOAI,dienthoai
Tô Hương Thu,,,"506 Phố Huế, Hải Phòng",LKHA,",7106253763",13/11/2025,TUISACH,tuisach
Phan Hương Nhi,,,"583 Hai Bà Trưng, Hà Nội",VIP,",6294525271",18/07/2025,XEMAY,xemay
Lâm Ngân Trúc,,,"735 Nguyễn Trãi, Hồ Chí Minh",NBH01,",4991915057",,TUISACH,tuisach
Vương Thanh Xuân,,,"121 Phố Huế, Hà Nội",LKHA,",8473263723",,XEMAY,xemay
Đoàn Hạnh Phương,,,"286 Ngô Quyền, Đà Nẵng",VIP,",5641789969",30/10/2025,BANPHIM,banphim
Lâm Lệ Thanh,,,"35 Lê Hồng Phong, Hải Phòng",NBH01,",1308323839",25/11/2025,DIENTHOAI,dienthoai
Đỗ Cao Nghiệp,,,"862 Lê Hồng Phong, Cần Thơ",LKHA,",6677216524",,TUISACH,tuisach
Vương Hàm Nghi,,,"558 Nguyễn Trãi, Đà Nẵng",VIP,",7821382173",,TUISACH,tuisach
Phan Thảo Quyên,,,"950 Nguyễn Du, Cần Thơ",NBH01,",5473205525",,BANPHIM,banphim
Đinh Khánh Huy,,,"369 Lý Thường Kiệt, Cần Thơ",LKHA,",4987135252",19/01/2025,TUISACH,tuisach
Dương Gia Khanh,,,"818 Trần Hưng Đạo, Hồ Chí Minh",VIP,",7142735635",25/11/2025,BANPHIM,banphim
Trịnh Trí Hào,,,"151 Nguyễn Trãi, Hải Phòng",NBH01,",5405075377",06/11/2025,BANPHIM,banphim
Lý Vân Chi,,,"147 Đinh Tiên Hoàng, Đà Nẵng",LKHA,",9467287203",12/11/2025,BANPHIM,banphim
Phùng Hương Giang,,,"390 Trần Phú, Cần Thơ",VIP,",6721678612",02/01/2024,TUISACH,tuisach
Trần Lệ Thanh,,,"399 Đinh Tiên Hoàng, Đà Nẵng",NBH01,",1124356614",12/11/2025,DIENTHOAI,dienthoai
Đỗ Bá Thịnh,,,"150 Trần Phú, Hồ Chí Minh",LKHA,",5932815994",,XEMAY,xemay
Đinh An Nguyên,,,"735 Trần Hưng Đạo, Hải Phòng",VIP,",7578028729",08/02/2025,BANPHIM,banphim
Tăng Ngọc Hiền,,,"538 Lê Hồng Phong, Hà Nội",NBH01,",1785816533",05/03/2024,XEMAY,xemay
Hà Kim Ly,,,"275 Hai Bà Trưng, Hồ Chí Minh",LKHA,",2940238453",09/05/2024,LAPTOP,laptop
Trịnh Huy Khiêm,,,"164 Ngô Quyền, Hà Nội",VIP,",0175727168",03/04/2024,TUISACH,tuisach
Đỗ Ðình Lộc,,,"629 Ngô Quyền, Hải Phòng",NBH01,",7314387044",,DIENTHOAI,dienthoai
Ngô Thúy Hà,,,"577 Phố Huế, Cần Thơ",LKHA,",1243459795",02/02/2025,XEMAY,xemay
Vương Triển Sinh,,,"453 Hai Bà Trưng, Cần Thơ",VIP,",2984860397",14/11/2025,DIENTHOAI,dienthoai
Ngô Xuân xanh,,,"66 Trần Hưng Đạo, Cần Thơ",NBH01,",4751432634",07/12/2024,LAPTOP,laptop
Đoàn Vân Anh,,,"748 Nguyễn Du, Hà Nội",LKHA,",0274876451",,TUISACH,tuisach
Nguyễn Ðức Khải,,,"35 Đinh Tiên Hoàng, Hồ Chí Minh",VIP,",0732051208",18/11/2025,BANPHIM,banphim
Hà Hoàng Nam,,,"271 Nguyễn Trãi, Hà Nội",NBH01,",3026969144",,LAPTOP,laptop
Trần Ðắc Cường,,,"340 Phố Huế, Hà Nội",LKHA,",7309942049",02/02/2024,BANPHIM,banphim
Lê Bích Thu,,,"754 Ngô Quyền, Hà Nội",VIP,",0381543240",06/07/2024,BANPHIM,banphim
Đoàn Hữu Ðạt,,,"210 Trần Phú, Hà Nội",NBH01,",7115165966",28/10/2025,XEMAY,xemay
Vũ Hướng Tiền,,,"365 Nguyễn Du, Cần Thơ",LKHA,",3170344638",30/06/2024,TUISACH,tuisach
Tô Quang Danh,,,"134 Ngô Quyền, Nha Trang",VIP,",5824352220",,LAPTOP,laptop
Lý Trúc Lan,,,"781 Lê Hồng Phong, Đà Nẵng",NBH01,",2297270701",28/06/2025,DIENTHOAI,dienthoai
Trần Minh Vy,,,"874 Nguyễn Du, Nha Trang",LKHA,",5207202194",,LAPTOP,laptop
Dương Hòa Hợp,,,"201 Hai Bà Trưng, Cần Thơ",VIP,",5155019701",22/01/2025,BANPHIM,banphim
Trịnh Nguyệt Nga,,,"600 Nguyễn Trãi, Hà Nội",NBH01,",8660177104",,BANPHIM,banphim
Hoàng Dân Hiệp,,,"309 Hai Bà Trưng, Cần Thơ",LKHA,",1477465941",20/11/2025,BANPHIM,banphim
Mai Sơn Ca,,,"945 Lê Hồng Phong, Cần Thơ",VIP,",9679213639",06/11/2025,BANPHIM,banphim
Tăng Hải Ân,,,"405 Hai Bà Trưng, Đà Nẵng",NBH01,",7166258360",31/10/2025,BANPHIM,banphim
Ngô Thúy Ngân,,,"825 Ngô Quyền, Hồ Chí Minh",LKHA,",9422191427",,BANPHIM,banphim
Lâm Phước An,,,"408 Lý Thường Kiệt, Hồ Chí Minh",VIP,",8102871903",,LAPTOP,laptop
Đặng Tâm Như,,,"324 Ngô Quyền, Hải Phòng",NBH01,",0767995488",29/11/2024,XEMAY,xemay
Hà Phú Thời,,,"895 Lý Thường Kiệt, Nha Trang",LKHA,",6610934082",10/11/2024,DIENTHOAI,dienthoai
Ngô Hòa Hiệp,,,"719 Ngô Quyền, Nha Trang",VIP,",8795490810",,XEMAY,xemay
Đinh Hoàng Kim,,,"990 Nguyễn Trãi, Hồ Chí Minh",NBH01,",7017382026",,TUISACH,tuisach
Ngô Quỳnh Giang,,,"327 Nguyễn Trãi, Hồ Chí Minh",LKHA,",9776765421",04/11/2025,TUISACH,tuisach
Trần Khả Ái,,,"6 Lý Thường Kiệt, Nha Trang",VIP,",5189180534",04/06/2025,BANPHIM,banphim
Phùng Gia Minh,,,"125 Nguyễn Trãi, Cần Thơ",NBH01,",6492372972",31/10/2025,TUISACH,tuisach
Bùi Tuyền Lâm,,,"228 Trần Hưng Đạo, Hồ Chí Minh",LKHA,",6111044215",20/07/2025,LAPTOP,laptop
Nguyễn Xuân Hương,",05726137742",,"171 Đinh Tiên Hoàng, Đà Nẵng",VIP,",9262134223",08/10/2024,DIENTHOAI,dienthoai
Trịnh Phú Ân,,,"636 Lê Hồng Phong, Nha Trang",NBH01,",8872616440",07/11/2025,LAPTOP,laptop
Lý Mỹ Anh,,,"753 Nguyễn Trãi, Hà Nội",LKHA,",5390771264",,TUISACH,tuisach
Phạm Tích Thiện,",05726137742",,"675 Lê Hồng Phong, Đà Nẵng",VIP,",5994906853",07/06/2025,DIENTHOAI,dienthoai
Lê Hoài Vỹ,,,"208 Trần Phú, Cần Thơ",NBH01,",6122014827",05/03/2025,TUISACH,tuisach
Hoàng Thiên An,,,"700 Phố Huế, Đà Nẵng",LKHA,",1059994677",10/11/2025,BANPHIM,banphim
Tô Ngọc Thọ,,,"535 Đinh Tiên Hoàng, Cần Thơ",VIP,",6157030968",,BANPHIM,banphim
Phùng Duy Mạnh,,,"293 Hai Bà Trưng, Hồ Chí Minh",NBH01,",3277674171",,TUISACH,tuisach
Trương Hồng Hoa,,,"24 Phố Huế, Hà Nội",LKHA,",0447582453",16/01/2024,XEMAY,xemay
Trịnh Minh Toàn,,,"124 Trần Hưng Đạo, Đà Nẵng",VIP,",1834340599",25/10/2024,LAPTOP,laptop
Phạm Hưng Ðạo,,,"448 Nguyễn Trãi, Hà Nội",NBH01,",6561104739",13/01/2024,BANPHIM,banphim
Đoàn Phú Hiệp,,,"336 Nguyễn Trãi, Nha Trang",LKHA,",3916922164",01/11/2025,TUISACH,tuisach
Dương Quỳnh Trang,,,"363 Trần Hưng Đạo, Đà Nẵng",VIP,",7869918577",15/11/2025,XEMAY,xemay
Trương Trọng Duy,,,"127 Lý Thường Kiệt, Đà Nẵng",NBH01,",8668745179",,DIENTHOAI,dienthoai
Lý Thanh Lan,,,"76 Ngô Quyền, Cần Thơ",LKHA,",0052732108",01/09/2024,TUISACH,tuisach
Vũ Thảo Ly,,,"28 Hai Bà Trưng, Hồ Chí Minh",VIP,",7589724028",08/03/2025,BANPHIM,banphim
Phạm Xuân Thủy,,,"973 Phố Huế, Hồ Chí Minh",NBH01,",2836580175",,XEMAY,xemay
Trương Khắc Tuấn,,,"852 Nguyễn Du, Hà Nội",LKHA,",0547548499",,XEMAY,xemay
Lê Diễm Thúy,,,"769 Trần Phú, Cần Thơ",VIP,",4897232591",02/09/2025,DIENTHOAI,dienthoai
Nguyễn Quốc Toản,,,"578 Phố Huế, Hà Nội",NBH01,",2653340163",15/11/2025,BANPHIM,banphim
Lâm Nhã Khanh,,,"209 Phố Huế, Nha Trang",LKHA,",0358608221",,XEMAY,xemay
Đinh Ðức Chính,,,"910 Lê Hồng Phong, Hải Phòng",VIP,",0675765205",18/11/2025,LAPTOP,laptop
Dương Trúc Lam,,,"345 Hai Bà Trưng, Hà Nội",NBH01,",0524299217",01/06/2025,TUISACH,tuisach
Đào Huyền Nhi,,,"213 Đinh Tiên Hoàng, Nha Trang",LKHA,",9206733375",09/11/2025,XEMAY,xemay
Nguyễn Hoàng Oanh,,,"653 Nguyễn Du, Cần Thơ",VIP,",0615942126",22/11/2025,TUISACH,tuisach
Lý Ðồng Dao,,,"779 Hai Bà Trưng, Nha Trang",NBH01,",3000411269",08/11/2025,DIENTHOAI,dienthoai
Lê Hạ Giang,,,"379 Hai Bà Trưng, Hải Phòng",LKHA,",4888608998",31/08/2024,TUISACH,tuisach
Nguyễn Kim Thanh,,,"561 Nguyễn Du, Đà Nẵng",VIP,",9513261568",17/11/2025,XEMAY,xemay
Phạm Việt Sơn,,,"525 Nguyễn Trãi, Đà Nẵng",NBH01,",8193899272",22/04/2025,LAPTOP,laptop
Phạm Xuân Nương,,,"258 Lê Hồng Phong, Hải Phòng",LKHA,",5052603270",19/11/2025,LAPTOP,laptop
Tăng Thái Lan,,,"450 Lý Thường Kiệt, Đà Nẵng",VIP,",5807348926",05/01/2025,LAPTOP,laptop
Phan Hiếu Học,,,"791 Đinh Tiên Hoàng, Hồ Chí Minh",NBH01,",6030340680",30/12/2024,DIENTHOAI,dienthoai
Vương Trúc Phương,,,"362 Đinh Tiên Hoàng, Nha Trang",LKHA,",6058772178",20/12/2024,TUISACH,tuisach
Vương Thanh Hằng,",05726137742",,"755 Phố Huế, Đà Nẵng",VIP,",0918284295",04/08/2024,BANPHIM,banphim
Phạm Thu Giang,,,"337 Ngô Quyền, Hồ Chí Minh",NBH01,",5641498585",18/11/2025,LAPTOP,laptop
Vương Hữu Thống,,,"176 Lý Thường Kiệt, Đà Nẵng",LKHA,",4144539390",28/10/2025,TUISACH,tuisach
Phan Thái Thảo,,,"856 Trần Hưng Đạo, Hà Nội",VIP,",1786250028",10/04/2025,TUISACH,tuisach
Đinh Hiệp Hào,,,"411 Phố Huế, Hải Phòng",NBH01,",1907395130",26/01/2025,BANPHIM,banphim
Tô Thụy Miên,,,"627 Lý Thường Kiệt, Hải Phòng",LKHA,",8335362039",30/10/2025,LAPTOP,laptop
Bùi Nhã Thanh,,,"463 Phố Huế, Hải Phòng",VIP,",1497876286",10/07/2024,LAPTOP,laptop
Phạm Xuân Vân,,,"862 Ngô Quyền, Hà Nội",NBH01,",1655539834",,LAPTOP,laptop
Trương Ðức Phong,,,"306 Nguyễn Du, Đà Nẵng",LKHA,",7811356221",29/06/2025,XEMAY,xemay
Đoàn Phúc Thịnh,,,"307 Ngô Quyền, Hà Nội",VIP,",5899189731",06/11/2025,BANPHIM,banphim
Bùi Tiến Dũng,,,"698 Ngô Quyền, Hà Nội",NBH01,",2006117586",05/06/2024,XEMAY,xemay
Bùi Minh Hùng,",05726137742",,"885 Nguyễn Trãi, Hồ Chí Minh",LKHA,",1823463268",,BANPHIM,banphim
Ngô Minh Khang,,,"37 Trần Phú, Hồ Chí Minh",VIP,",0401866462",22/11/2025,DIENTHOAI,dienthoai
Mai Linh Châu,,,"31 Lý Thường Kiệt, Cần Thơ",NBH01,",3283769186",22/11/2025,DIENTHOAI,dienthoai
Trương Xuân Sơn,,,"978 Trần Hưng Đạo, Cần Thơ",LKHA,",5525492892",08/07/2025,DIENTHOAI,dienthoai
Phan Tuyết Lâm,,,"452 Trần Hưng Đạo, Hà Nội",VIP,",3831270139",20/01/2025,TUISACH,tuisach
Hà Ánh Ngọc,,,"873 Nguyễn Trãi, Cần Thơ",NBH01,",8725629694",,TUISACH,tuisach
Tăng An Nam,,,"161 Trần Hưng Đạo, Cần Thơ",LKHA,",0004396604",10/04/2025,BANPHIM,banphim
Dương Thành Ý,",05726137742",,"17 Đinh Tiên Hoàng, Đà Nẵng",VIP,",2651939956",01/09/2025,LAPTOP,laptop
Bùi Diệu Ngà,,,"201 Đinh Tiên Hoàng, Đà Nẵng",NBH01,",4476972770",09/11/2025,TUISACH,tuisach
Nguyễn Thế Quyền,,,"376 Trần Phú, Cần Thơ",LKHA,",2072414312",29/07/2025,TUISACH,tuisach
Dương Trâm Oanh,,,"580 Trần Phú, Hải Phòng",VIP,",2376258842",09/11/2025,XEMAY,xemay
Tô Yến Trâm,,,"323 Hai Bà Trưng, Đà Nẵng",NBH01,",1280952093",30/08/2025,LAPTOP,laptop
Trương Tâm Khanh,,,"288 Nguyễn Trãi, Nha Trang",LKHA,",1553054573",18/11/2025,BANPHIM,banphim
Phan Bình Minh,,,"410 Trần Phú, Hải Phòng",VIP,",6507084352",24/11/2025,TUISACH,tuisach
Vũ Thảo Ly,,,"310 Nguyễn Du, Hải Phòng",NBH01,",9412469914",03/05/2024,TUISACH,tuisach
Phạm Trung Hải,,,"829 Hai Bà Trưng, Hồ Chí Minh",LKHA,",4998487537",09/08/2025,TUISACH,tuisach
Phùng Phương Ngọc,,,"645 Nguyễn Trãi, Cần Thơ",VIP,",2966823341",,XEMAY,xemay
Mai Di Nhiên,,,"411 Đinh Tiên Hoàng, Hồ Chí Minh",NBH01,",1940786041",02/06/2025,XEMAY,xemay
Trần Trường Phúc,,,"390 Ngô Quyền, Hà Nội",LKHA,",9362600905",,LAPTOP,laptop
Bùi Ðịnh Lực,,,"782 Lý Thường Kiệt, Cần Thơ",VIP,",5246351988",,DIENTHOAI,dienthoai
Hoàng Thu Nga,,,"205 Đinh Tiên Hoàng, Hải Phòng",NBH01,",9712512580",21/11/2025,TUISACH,tuisach
Phan Thạch Thảo,,,"690 Phố Huế, Hồ Chí Minh",LKHA,",1228306682",,XEMAY,xemay
Lý Thùy Nhi,,,"264 Nguyễn Du, Hồ Chí Minh",VIP,",2394684190",,LAPTOP,laptop
Hoàng Phú Hải,,,"850 Nguyễn Trãi, Hải Phòng",NBH01,",8631316693",06/11/2025,LAPTOP,laptop
Trần Lệ Quân,,,"721 Trần Hưng Đạo, Nha Trang",LKHA,",1891310491",15/11/2025,XEMAY,xemay
Vương Khánh Hằng,,,"485 Nguyễn Trãi, Hà Nội",VIP,",8422034850",24/11/2025,BANPHIM,banphim
Đinh Xuân Phương,",05726137742",,"43 Nguyễn Trãi, Nha Trang",NBH01,",3206358055",21/11/2025,XEMAY,xemay
Đào Thụy Vân,,,"861 Lê Hồng Phong, Đà Nẵng",LKHA,",2764570789",08/04/2024,DIENTHOAI,dienthoai
Đặng Hữu Ðịnh,,,"979 Lê Hồng Phong, Hồ Chí Minh",VIP,",5837172326",06/01/2025,LAPTOP,laptop
Phan Lan Nhi,,,"294 Trần Phú, Hải Phòng",NBH01,",1861586431",,XEMAY,xemay
Dương Xuân Nam,",05726137742",,"852 Trần Hưng Đạo, Nha Trang",LKHA,",6225048996",11/04/2024,TUISACH,tuisach
Nguyễn Nghi Minh,,,"811 Ngô Quyền, Hồ Chí Minh",VIP,",1017850658",11/08/2025,BANPHIM,banphim
Phan Kiều Hạnh,,,"136 Nguyễn Trãi, Hồ Chí Minh",NBH01,",2233383028",,BANPHIM,banphim
Trương Mai Khanh,,,"436 Lý Thường Kiệt, Nha Trang",LKHA,",0930292283",27/10/2025,DIENTHOAI,dienthoai
Đinh Trường Phu,,,"630 Phố Huế, Nha Trang",VIP,",3862303719",07/11/2025,DIENTHOAI,dienthoai
Ngô Bằng Sơn,,,"776 Lý Thường Kiệt, Cần Thơ",NBH01,",3706634506",23/11/2025,XEMAY,xemay
Lê Tuyết Trinh,,,"853 Lý Thường Kiệt, Hà Nội",LKHA,",8362969401",25/11/2024,DIENTHOAI,dienthoai
Mai Bảo Duy,,,"459 Ngô Quyền, Nha Trang",VIP,",1272797220",31/10/2025,TUISACH,tuisach
Đỗ Nhật Tiến,,,"387 Ngô Quyền, Hồ Chí Minh",NBH01,",5222730696",07/04/2024,DIENTHOAI,dienthoai
Hồ Phương An,,,"333 Đinh Tiên Hoàng, Hồ Chí Minh",LKHA,",9871067307",02/12/2023,DIENTHOAI,dienthoai
Trần Xuân Nhiên,,,"772 Lý Thường Kiệt, Hà Nội",VIP,",3155726842",19/11/2025,TUISACH,tuisach
Hà Hiếu Giang,,,"318 Lê Hồng Phong, Đà Nẵng",NBH01,",0107858159",13/08/2025,TUISACH,tuisach
Dương Tùng Châu,,,"355 Lý Thường Kiệt, Nha Trang",LKHA,",6110214309",23/03/2024,TUISACH,tuisach
Trần Ngọc Tuyết,,,"638 Trần Hưng Đạo, Hải Phòng",VIP,",2514977286",22/06/2024,BANPHIM,banphim
Dương Kim Thông,,,"328 Phố Huế, Nha Trang",NBH01,",8089668536",15/05/2024,BANPHIM,banphim
Vũ Duy Khang,,,"978 Trần Hưng Đạo, Đà Nẵng",LKHA,",3796985337",14/11/2025,DIENTHOAI,dienthoai
Ngô Minh Khôi,,,"95 Đinh Tiên Hoàng, Hải Phòng",VIP,",1244601219",09/02/2025,LAPTOP,laptop
Lê An Hằng,,,"451 Lý Thường Kiệt, Cần Thơ",NBH01,",0245017974",10/11/2025,BANPHIM,banphim
Đinh Xuân xanh,,,"531 Lý Thường Kiệt, Cần Thơ",LKHA,",8280532571",,DIENTHOAI,dienthoai
Hà Cát Tiên,",05726137742",,"18 Đinh Tiên Hoàng, Hà Nội",VIP,",9747064343",08/01/2025,DIENTHOAI,dienthoai
Lâm Hướng Dương,,,"68 Nguyễn Trãi, Hà Nội",NBH01,",3764683400",,DIENTHOAI,dienthoai
Trịnh Quang Thắng,,,"483 Lý Thường Kiệt, Nha Trang",LKHA,",8223146697",09/11/2025,XEMAY,xemay
Trương Thu Thủy,,,"638 Trần Hưng Đạo, Hải Phòng",VIP,",1038179360",,DIENTHOAI,dienthoai
Nguyễn Hoài Việt,,,"825 Nguyễn Trãi, Hà Nội",NBH01,",4264482977",10/03/2024,TUISACH,tuisach
Lê Tấn Trương,,,"406 Đinh Tiên Hoàng, Cần Thơ",LKHA,",4536329152",31/01/2025,BANPHIM,banphim
Vương Hạnh San,,,"879 Nguyễn Trãi, Hồ Chí Minh",VIP,",3830736325",30/05/2024,XEMAY,xemay
Ngô Việt Thắng,,,"72 Lý Thường Kiệt, Đà Nẵng",NBH01,",1653371158",,DIENTHOAI,dienthoai
Tăng Tuấn Kiệt,,,"774 Nguyễn Trãi, Cần Thơ",LKHA,",7343915988",16/11/2025,LAPTOP,laptop
Vương Bảo Vy,,,"531 Lý Thường Kiệt, Nha Trang",VIP,",3287165216",,DIENTHOAI,dienthoai
Đào Diệp Vy,,,"140 Hai Bà Trưng, Cần Thơ",NBH01,",7475114480",,LAPTOP,laptop
Tăng Ánh Hồng,,,"740 Ngô Quyền, Hồ Chí Minh",LKHA,",8543356128",14/11/2025,XEMAY,xemay
Đào Diễm Châu,,,"919 Trần Hưng Đạo, Đà Nẵng",VIP,",7276241540",,XEMAY,xemay
Tăng Ngọc Tiển,,,"166 Nguyễn Du, Đà Nẵng",NBH01,",0855514864",07/11/2025,LAPTOP,laptop
Đỗ Công Thành,,,"996 Ngô Quyền, Hải Phòng",LKHA,",3213801857",21/07/2024,DIENTHOAI,dienthoai
Đỗ Việt Phong,,,"919 Nguyễn Du, Hồ Chí Minh",VIP,",8708760156",16/08/2025,LAPTOP,laptop
Phan Ngọc Huệ,,,"485 Nguyễn Du, Hải Phòng",NBH01,",4728145843",19/02/2024,DIENTHOAI,dienthoai
Tăng Bích Liên,,,"775 Đinh Tiên Hoàng, Hà Nội",LKHA,",2541554239",01/03/2025,LAPTOP,laptop
Phạm Tuyết Oanh,,,"775 Hai Bà Trưng, Cần Thơ",VIP,",5785062918",24/11/2025,TUISACH,tuisach
Đỗ Lâm Viên,,,"862 Trần Hưng Đạo, Nha Trang",NBH01,",4675432767",23/11/2025,DIENTHOAI,dienthoai
Mai Như Ý,,,"736 Đinh Tiên Hoàng, Hồ Chí Minh",LKHA,",2110404357",25/11/2025,BANPHIM,banphim
Bùi Vân Trang,,,"311 Hai Bà Trưng, Hồ Chí Minh",VIP,",6809809495",18/11/2025,XEMAY,xemay
Lâm Trường Nhân,,,"601 Nguyễn Trãi, Hà Nội",NBH01,",8874305841",,XEMAY,xemay
Bùi Nhật Ánh,,,"725 Hai Bà Trưng, Nha Trang",LKHA,",7614724656",11/09/2024,XEMAY,xemay
Ngô Đoan Thanh,",05726137742",,"843 Trần Hưng Đạo, Hồ Chí Minh",VIP,",6411350110",20/06/2025,XEMAY,xemay
Trương Quang Khải,,,"235 Trần Hưng Đạo, Đà Nẵng",NBH01,",1741140139",28/10/2025,XEMAY,xemay
Phan Diệu Hương,,,"625 Hai Bà Trưng, Đà Nẵng",LKHA,",7138486544",28/08/2024,XEMAY,xemay
Bùi Tâm Thiện,,,"57 Phố Huế, Hồ Chí Minh",VIP,",9430169238",27/10/2025,XEMAY,xemay
Bùi Trọng Chính,,,"403 Nguyễn Trãi, Nha Trang",NBH01,",0274452786",17/05/2024,LAPTOP,laptop
Phan Quang Thạch,,,"810 Lý Thường Kiệt, Hà Nội",LKHA,",5090976765",06/11/2025,XEMAY,xemay
Đỗ Huy Việt,",05726137742",,"489 Nguyễn Trãi, Hải Phòng",VIP,",7230697436",24/11/2025,TUISACH,tuisach
Trần Thanh Tuyết,,,"247 Phố Huế, Nha Trang",NBH01,",1148419244",19/08/2024,DIENTHOAI,dienthoai
Phùng Xuân Phương,,,"132 Nguyễn Trãi, Đà Nẵng",LKHA,",7154840096",20/11/2025,LAPTOP,laptop
Bùi Hoàng Lan,,,"707 Ngô Quyền, Cần Thơ",VIP,",9229436877",16/09/2025,DIENTHOAI,dienthoai
Vũ Vân Thanh,,,"367 Phố Huế, Hải Phòng",NBH01,",8845479188",17/12/2024,TUISACH,tuisach
Phùng Bích Ngà,,,"934 Trần Hưng Đạo, Hồ Chí Minh",LKHA,",5715870361",,XEMAY,xemay
Phan Hương Liên,,,"823 Hai Bà Trưng, Cần Thơ",VIP,",9485211355",24/11/2025,LAPTOP,laptop
Bùi Cẩm Yến,,,"785 Đinh Tiên Hoàng, Cần Thơ",NBH01,",5786908046",20/11/2025,TUISACH,tuisach
Vũ Thanh Uyên,,,"982 Phố Huế, Hồ Chí Minh",LKHA,",3436872109",14/11/2025,BANPHIM,banphim
Hà Việt Phương,,,"896 Lý Thường Kiệt, Hải Phòng",VIP,",2470366634",,DIENTHOAI,dienthoai
Đặng Chí Dũng,,,"48 Trần Hưng Đạo, Hà Nội",NBH01,",5202218545",,BANPHIM,banphim
Trần Hải Mỹ,,,"250 Hai Bà Trưng, Nha Trang",LKHA,",6994034664",,DIENTHOAI,dienthoai
Tô Ðức Tường,,,"633 Trần Phú, Hà Nội",VIP,",2401706432",31/01/2025,LAPTOP,laptop
Trương Giáng Ngọc,,,"394 Hai Bà Trưng, Hải Phòng",NBH01,",2046758912",12/05/2024,LAPTOP,laptop
Phan Quang Lâm,,,"650 Đinh Tiên Hoàng, Hà Nội",LKHA,",2999232402",23/11/2025,XEMAY,xemay
Trương Quang Khanh,,,"458 Trần Hưng Đạo, Cần Thơ",VIP,",1539218661",11/11/2025,TUISACH,tuisach
Mai Thanh Mai,,,"978 Nguyễn Trãi, Cần Thơ",NBH01,",0474037085",,LAPTOP,laptop
Hà Hồng Châu,,,"715 Nguyễn Trãi, Nha Trang",LKHA,",6735100283",22/11/2025,BANPHIM,banphim
Phùng Lâm Viên,,,"728 Hai Bà Trưng, Cần Thơ",VIP,",6055412443",31/01/2025,DIENTHOAI,dienthoai
Đoàn Hữu Bào,,,"864 Đinh Tiên Hoàng, Hồ Chí Minh",NBH01,",6212873698",15/11/2025,TUISACH,tuisach
Lâm Việt Võ,,,"794 Ngô Quyền, Đà Nẵng",LKHA,",5746957397",,XEMAY,xemay
Đỗ Bá Thịnh,,,"586 Lê Hồng Phong, Cần Thơ",VIP,",2819060107",11/11/2025,LAPTOP,laptop
Lý Huệ Hồng,,,"116 Nguyễn Trãi, Hà Nội",NBH01,",2573597633",,DIENTHOAI,dienthoai
Phạm Minh Phương,,,"51 Lê Hồng Phong, Nha Trang",LKHA,",4042854065",29/08/2025,XEMAY,xemay
Trương Phú Hải,,,"819 Lê Hồng Phong, Hà Nội",VIP,",3955211811",19/11/2025,LAPTOP,laptop
Phùng Trung Việt,,,"676 Ngô Quyền, Cần Thơ",NBH01,",2369549695",01/07/2025,BANPHIM,banphim
Tăng Bạch Trà,,,"870 Nguyễn Du, Hồ Chí Minh",LKHA,",1989597384",04/11/2025,XEMAY,xemay
Phan Tấn Tài,,,"315 Đinh Tiên Hoàng, Hồ Chí Minh",VIP,",0016058825",17/09/2024,TUISACH,tuisach
Tăng Tuyết Trinh,,,"811 Lý Thường Kiệt, Nha Trang",NBH01,",0034917965",17/12/2023,TUISACH,tuisach
Lê Thúy Ngà,,,"829 Trần Phú, Cần Thơ",LKHA,",6954446576",,BANPHIM,banphim
Phạm Tâm Thanh,,,"267 Nguyễn Du, Hà Nội",VIP,",8943479257",,XEMAY,xemay
Trương Trúc Lam,,,"886 Ngô Quyền, Hải Phòng",NBH01,",0596620599",30/01/2024,TUISACH,tuisach
Đoàn Ngọc Huy,,,"551 Lê Hồng Phong, Cần Thơ",LKHA,",0366490957",12/11/2025,DIENTHOAI,dienthoai
Phạm Kiều Trang,,,"706 Phố Huế, Đà Nẵng",VIP,",9293003349",28/10/2025,TUISACH,tuisach
Đoàn Hữu Canh,,,"411 Hai Bà Trưng, Hồ Chí Minh",NBH01,",6059957946",09/07/2025,LAPTOP,laptop
Đoàn Gia Bình,,,"351 Ngô Quyền, Hồ Chí Minh",LKHA,",3316920611",05/03/2025,TUISACH,tuisach
Hồ Quang Minh,,,"472 Đinh Tiên Hoàng, Hải Phòng",VIP,",0620287171",,TUISACH,tuisach
Tô Trí Hào,",05726137742",,"269 Phố Huế, Cần Thơ",NBH01,",4375283656",25/09/2024,DIENTHOAI,dienthoai
Tăng Triệu Thái,,,"444 Phố Huế, Cần Thơ",LKHA,",9432276679",28/10/2025,TUISACH,tuisach
Mai Phước Huệ,,,"422 Ngô Quyền, Cần Thơ",VIP,",2369902447",09/11/2025,BANPHIM,banphim
Trần Tuấn Kiệt,,,"82 Ngô Quyền, Hà Nội",NBH01,",3114847155",,XEMAY,xemay
Vương Đan Quỳnh,,,"943 Trần Hưng Đạo, Hải Phòng",LKHA,",9254541557",26/07/2025,XEMAY,xemay
Vương Hoàng Lâm,,,"199 Phố Huế, Đà Nẵng",VIP,",1682810634",08/10/2025,BANPHIM,banphim
Mai Tuyết Thanh,,,"41 Nguyễn Du, Hồ Chí Minh",NBH01,",6883393496",20/09/2024,TUISACH,tuisach
Trần Huy Phong,,,"848 Đinh Tiên Hoàng, Đà Nẵng",LKHA,",3857324274",24/11/2025,DIENTHOAI,dienthoai
Tô Thanh Phi,,,"179 Ngô Quyền, Hà Nội",VIP,",2941768461",,XEMAY,xemay
Đỗ Mộng Long,,,"197 Lý Thường Kiệt, Hà Nội",NBH01,",8225317444",,LAPTOP,laptop
Lý Thành Khiêm,,,"990 Lý Thường Kiệt, Đà Nẵng",LKHA,",5498446884",30/12/2023,XEMAY,xemay
Trương Hồng Việt,,,"5 Phố Huế, Cần Thơ",VIP,",7612573422",01/11/2025,DIENTHOAI,dienthoai
Đinh Xuân Lạc,,,"797 Hai Bà Trưng, Hồ Chí Minh",NBH01,",6712040056",,XEMAY,xemay
Trần Bảo Quyên,,,"66 Trần Hưng Đạo, Hồ Chí Minh",LKHA,",0917359981",27/12/2024,DIENTHOAI,dienthoai
Hồ Bích Hiền,,,"811 Lý Thường Kiệt, Cần Thơ",VIP,",1577201023",07/11/2025,DIENTHOAI,dienthoai
Phan Thăng Long,,,"963 Trần Hưng Đạo, Hải Phòng",NBH01,",9898348748",23/02/2025,DIENTHOAI,dienthoai
Trịnh Tuyết Trinh,,,"688 Nguyễn Trãi, Hà Nội",LKHA,",4071066186",,BANPHIM,banphim
Bùi Thiện Minh,,,"251 Phố Huế, Hồ Chí Minh",VIP,",8180920681",08/11/2025,BANPHIM,banphim
Lâm Nguyên Giáp,,,"570 Trần Phú, Nha Trang",NBH01,",2527713651",,LAPTOP,laptop
Đoàn Tuấn Sỹ,,,"205 Lý Thường Kiệt, Hồ Chí Minh",LKHA,",7119190719",27/03/2024,DIENTHOAI,dienthoai
Hà Phong Dinh,,,"132 Ngô Quyền, Đà Nẵng",VIP,",9063915287",,LAPTOP,laptop
Bùi Hồng Linh,,,"588 Lê Hồng Phong, Cần Thơ",NBH01,",7330103119",02/11/2025,LAPTOP,laptop
Đỗ Văn Minh,,,"544 Nguyễn Du, Hải Phòng",LKHA,",9585459224",14/01/2024,TUISACH,tuisach
Đoàn Thiệu Bảo,,,"353 Phố Huế, Hà Nội",VIP,",2016331478",06/10/2024,XEMAY,xemay
Tô Vĩnh Hải,,,"981 Phố Huế, Hải Phòng",NBH01,",8774502348",08/11/2025,DIENTHOAI,dienthoai
Ngô Ái Hồng,,,"55 Trần Hưng Đạo, Hồ Chí Minh",LKHA,",9343470880",11/11/2025,XEMAY,xemay
Hà Tú Trinh,,,"704 Ngô Quyền, Đà Nẵng",VIP,",4646863580",20/08/2025,LAPTOP,laptop
Đỗ Thùy Linh,,,"220 Lê Hồng Phong, Hồ Chí Minh",NBH01,",7295658154",24/11/2024,LAPTOP,laptop
Trương Lộc Uyên,,,"67 Nguyễn Du, Đà Nẵng",LKHA,",4294999985",07/07/2025,BANPHIM,banphim
Đặng Hoàng Khải,,,"328 Đinh Tiên Hoàng, Hải Phòng",VIP,",5658065163",,TUISACH,tuisach
Mai Kiến Văn,,,"184 Ngô Quyền, Hải Phòng",NBH01,",9143846859",22/11/2025,XEMAY,xemay
Lâm Giang Lam,,,"756 Ngô Quyền, Nha Trang",LKHA,",7971074202",25/08/2025,LAPTOP,laptop
Trương Ðình Diệu,,,"749 Hai Bà Trưng, Nha Trang",VIP,",8317153672",,XEMAY,xemay
Vương Ngọc Linh,,,"437 Đinh Tiên Hoàng, Hà Nội",NBH01,",4597785685",27/10/2025,DIENTHOAI,dienthoai
Tô Mai Thy,,,"179 Trần Phú, Hồ Chí Minh",LKHA,",2752270761",07/10/2024,BANPHIM,banphim
Dương Minh Quang,,,"336 Ngô Quyền, Hồ Chí Minh",VIP,",4649994931",,TUISACH,tuisach
Lâm Thiếu Cường,",05726137742",,"557 Lý Thường Kiệt, Cần Thơ",NBH01,",7917399728",,BANPHIM,banphim
